node,ground (m3),surface (m3),total (m3),gw_percentages,sw_percentages
fips01003,65173623.88684899,7875661.95299446,73049285.83984345,0.8921870095997733,0.1078129904002267
fips01083,3412737.990259,7794349.80893699,11207087.79919599,0.3045160394392407,0.6954839605607592
fips01097,11951491.342405,406560.7202873241,12358052.062692326,0.96710155304211,0.0328984469578897
fips04003,298635299.277158,0.0,298635299.277158,1.0,0.0
fips04009,146968801.62908903,89199422.031039,236168223.66012803,0.6223055724913833,0.3776944275086167
fips04012,107411437.798678,621248012.6401911,728659450.4388691,0.1474096544469222,0.8525903455530777
fips04013,1250305612.20452,283605142.45185804,1533910754.656378,0.8151097502961374,0.1848902497038625
fips04015,66955985.023462005,70520860.9389813,137476845.9624433,0.4870346315753667,0.5129653684246334
fips04019,70727958.591643,37206113.91658,107934072.508223,0.6552885196308568,0.3447114803691433
fips04021,487869548.32407,664238904.805431,1152108453.1295009,0.4234580060573792,0.5765419939426208
fips04025,12117292.378369,21663878.3810246,33781170.7593936,0.3586995982073688,0.6413004017926311
fips04027,148267576.410807,1124268167.82083,1272535744.231637,0.1165134866214164,0.8834865133785835
fips05001,1227136294.52615,886495308.030364,2113631602.556514,0.5805819202560579,0.4194180797439421
fips05003,193976098.899636,19801185.778863706,213777284.6784997,0.9073746969485428,0.0926253030514573
fips05017,260494632.04271305,92008517.3784793,352503149.4211923,0.7389852614662972,0.2610147385337029
fips05021,1110701644.45001,15941729.6727462,1126643374.1227562,0.985850243263394,0.0141497567366061
fips05031,565393923.1782789,92374993.9226804,657768917.1009593,0.8595631512510312,0.1404368487489687
fips05035,346908847.562055,1385739.43276027,348294586.9948153,0.9960213581132086,0.0039786418867913
fips05037,745013014.617615,52658098.4448902,797671113.0625052,0.9339852006891416,0.0660147993108582
fips05041,638567031.343239,182379342.70006,820946374.043299,0.7778425626002694,0.2221574373997306
fips05043,56257695.5837727,10101009.7495418,66358705.33331449,0.8477816934672666,0.1522183065327334
fips05055,471236449.60689,11532558.7503272,482769008.3572172,0.9761116423161242,0.0238883576838757
fips05063,91013901.3217881,32536245.6898506,123550147.0116387,0.7366555485621105,0.2633444514378895
fips05067,763466191.9789109,39132823.48546971,802599015.4643806,0.9512423729266256,0.0487576270733743
fips05069,396130929.063387,78849718.9632599,474980648.02664685,0.8339938283994334,0.1660061716005667
fips05073,18507611.5128038,0.0,18507611.5128038,1.0,0.0
fips05075,313826491.982918,28653884.7997206,342480376.7826386,0.9163342289304176,0.0836657710695825
fips05077,444345978.761816,8909960.98088834,453255939.74270433,0.980342318324728,0.0196576816752719
fips05079,318521437.550504,35513867.6114842,354035305.16198814,0.8996883443722233,0.1003116556277767
fips05081,13554103.7255534,26832954.4707216,40387058.196275,0.3356051252775705,0.6643948747224295
fips05085,795432647.452128,363384398.359366,1158817045.811494,0.6864178002275623,0.3135821997724377
fips05093,47575448.4182074,332119.368182213,47907567.78638961,0.9930674967749756,0.0069325032250242
fips05095,383121166.852916,33738746.8505103,416859913.7034263,0.9190645448472802,0.0809354551527197
fips05107,345969858.448537,6825625.635744791,352795484.0842818,0.9806527409117454,0.0193472590882545
fips05111,1178308860.6232598,115749326.007504,1294058186.6307638,0.910553229210758,0.0894467707892419
fips05117,456933876.298098,235071798.320969,692005674.619067,0.6603036550959347,0.3396963449040653
fips05119,46364288.5471489,20568496.0432846,66932784.59043349,0.6926992329820925,0.3073007670179076
fips05121,176979035.09118602,63091227.5626142,240070262.65380025,0.7371968236915848,0.2628031763084152
fips05123,465262301.47886,25309786.3338859,490572087.8127459,0.9484076102928488,0.051592389707151
fips05145,95341416.3666937,81495221.51671131,176836637.88340503,0.5391496779618478,0.4608503220381522
fips05147,654094373.060967,36063582.4277858,690157955.4887527,0.9477459005710565,0.0522540994289437
fips06001,7433413.112385999,2625220.65099815,10058633.763384148,0.7390082278813466,0.2609917721186535
fips06005,19923757.821674,7016076.43010126,26939834.25177526,0.7395649741371768,0.2604350258628232
fips06007,989873634.964071,41550505.6133646,1031424140.5774356,0.9597154032189872,0.0402845967810127
fips06009,7958449.726272,2811076.98027236,10769526.70654436,0.7389785961007792,0.2610214038992207
fips06011,878869841.386173,68639065.60508,947508906.991253,0.9275583953896132,0.0724416046103866
fips06013,16801171.644352,84494933.6962856,101296105.3406376,0.1658619705846851,0.8341380294153149
fips06015,15916899.452544,5610537.9399650805,21527437.39250908,0.739377342613135,0.260622657386865
fips06017,24966872.665579,8793327.57878585,33760200.24436485,0.7395356806198563,0.2604643193801436
fips06019,1185394506.6246202,879355989.9197439,2064750496.544364,0.5741102901336197,0.4258897098663803
fips06021,868894145.722339,36880865.3403501,905775011.0626892,0.9592825316553169,0.0407174683446831
fips06023,58002729.081406005,20444196.2201626,78446925.3015686,0.739388176890678,0.2606118231093221
fips06025,1800958486.14696,634722596.512571,2435681082.659531,0.7394065253323253,0.2605934746676747
fips06027,16718271.126370002,5889322.433876391,22607593.560246397,0.7394980399757237,0.2605019600242762
fips06029,2050364694.4958096,152123405.510937,2202488100.006747,0.9309311112689004,0.0690688887310996
fips06031,835001650.620698,38088931.4806325,873090582.1013305,0.956374593585741,0.0436254064142589
fips06033,51121986.0889,18016447.919018306,69138434.0079183,0.7394148684803172,0.2605851315196828
fips06035,86202721.948283,30375893.815753,116578615.764036,0.7394385443962028,0.2605614556037972
fips06037,17160407.222274,6051946.72199132,23212353.94426532,0.7392790607741672,0.2607209392258328
fips06039,1044049123.46531,18515936.8039427,1062565060.2692528,0.9825743029803268,0.0174256970196731
fips06041,39433013.053438,13892760.6132469,53325773.666684896,0.7394738105426428,0.2605261894573572
fips06043,16953155.927319,5970634.57793385,22923790.505252853,0.7395441832987562,0.2604558167012438
fips06045,66748733.728507,23522441.6737666,90271175.4022736,0.7394246660803515,0.2605753339196484
fips06047,913439357.3846668,359225436.4253,1272664793.809967,0.7177375863836937,0.2822624136163062
fips06049,166630041.14382,58730600.050648905,225360641.1944689,0.739392825032083,0.2606071749679169
fips06051,56800671.570667,20014403.458716,76815075.029383,0.7394469321150806,0.2605530678849193
fips06053,162457381.73872602,57255365.4370349,219712747.17576087,0.739408085452443,0.260591914547557
fips06055,99245736.777451,34975837.965289496,134221574.74274048,0.7394171687202531,0.260582831279747
fips06057,45954520.468022,16192732.6880151,62147253.15603711,0.7394457218027164,0.2605542781972835
fips06061,118699724.997227,51517051.2706938,170216776.2679208,0.6973444545230602,0.3026555454769399
fips06063,99010851.976502,34894525.821232095,133905377.7977341,0.7394090782975068,0.2605909217024932
fips06065,693614817.202397,244459153.098478,938073970.300875,0.7394031165579928,0.2605968834420071
fips06067,387159235.728937,186042185.60348,573201421.332417,0.6754331397660851,0.3245668602339149
fips06069,14466140.387859,5099433.03446101,19565573.42232001,0.7393670543464022,0.2606329456535979
fips06071,27080835.87412,9548368.9164623,36629204.7905823,0.7393236088238183,0.2606763911761817
fips06073,99563522.096382,35091998.1710859,134655520.26746792,0.7393942847542957,0.2606057152457042
fips06077,933943418.832215,595971551.858899,1529914970.691114,0.6104544610151251,0.3895455389848749
fips06079,74721000.207776,26333518.654039,101054518.861815,0.7394127551084752,0.2605872448915248
fips06081,21512684.416329,7585261.438503509,29097945.854832508,0.7393196936874578,0.2606803063125423
fips06083,51550305.431807,18167456.1865536,69717761.6183606,0.7394142358441829,0.2605857641558172
fips06087,30079071.274469,10605426.7892094,40684498.0636784,0.7393251165933019,0.2606748834066981
fips06089,139576838.77569398,69103706.4282655,208680545.2039595,0.6688541025195945,0.3311458974804055
fips06091,22742375.433062,8015054.199950109,30757429.633012112,0.7394107929179,0.2605892070820999
fips06093,195852473.73247495,69022394.2842081,264874868.0166831,0.7394150875806732,0.2605849124193268
fips06095,384285351.105561,135442799.958577,519728151.06413805,0.7393968372094926,0.2606031627905074
fips06097,203424054.374831,71694079.0175248,275118133.3923558,0.7394062029518086,0.2605937970481913
fips06099,826932666.87045,505343359.29656506,1332276026.167015,0.6206916964869149,0.3793083035130851
fips06101,643556721.0942659,197704670.265436,841261391.3597019,0.764990201266823,0.235009798733177
fips06103,262034720.588105,92347363.6081208,354382084.19622576,0.7394130015980523,0.2605869984019477
fips06105,10404015.006740998,3670662.50316556,14074677.509906558,0.7392009514547002,0.2607990485452998
fips06107,1586439579.1155398,286613691.781984,1873053270.897524,0.846980491032887,0.153019508967113
fips06111,77857403.138095,27437040.6091046,105294443.7471996,0.7394255610013201,0.2605744389986799
fips06113,259133202.458735,445695093.620124,704828296.078859,0.3676543690149212,0.6323456309850788
fips06115,305875277.847586,107808286.999619,413683564.847205,0.7393943193284986,0.2606056806715013
fips08001,4904947.313935,95204904.6707118,100109851.9846468,0.0489956504449456,0.9510043495550544
fips08003,116212709.457767,60798251.713824496,177010961.1715915,0.6565283228144969,0.3434716771855031
fips08007,151984.282967,48415573.775930494,48567558.058897495,0.0031293375463244,0.9968706624536756
fips08009,172806129.733479,197472.34985384296,173003602.08333284,0.9988585650964728,0.0011414349035271
fips08011,10044779.428819,186483594.385506,196528373.814325,0.051111090138613,0.948888909861387
fips08013,27633.505994,118727346.344478,118754979.850472,0.000232693450235,0.9997673065497648
fips08015,13816.752997,133630700.748154,133644517.501151,0.0001033843606557,0.9998966156393444
fips08017,40400185.763228,0.0,40400185.763228,1.0,0.0
fips08021,71501696.75947501,281363250.479988,352864947.239463,0.2026319058292638,0.7973680941707362
fips08023,47501996.803686,67918872.3291425,115420869.1328285,0.4115546621730929,0.588445337826907
fips08025,4711512.771977,9827153.41037362,14538666.18235062,0.3240677454783709,0.6759322545216291
fips08027,69083.764985,40330823.4525026,40399907.2174876,0.0017099981099732,0.9982900018900268
fips08029,13816.752997,395932061.456956,395945878.20995295,3.4895559614017686e-05,0.999965104440386
fips08037,13816.752997,150032521.806602,150046338.559599,9.208323994865046e-05,0.9999079167600512
fips08039,4822046.795953,13277111.5225261,18099158.3184791,0.2664238143621147,0.7335761856378854
fips08043,221068.047952,110177955.197865,110399023.245817,0.0020024456870398,0.9979975543129602
fips08045,290151.812937,269747229.90035,270037381.713287,0.0010744875805567,0.9989255124194432
fips08049,0.0,212375704.257519,212375704.257519,0.0,1.0
fips08051,0.0,604311854.635079,604311854.635079,0.0,1.0
fips08053,290151.812937,23510825.653187,23800977.466124,0.0121907519701648,0.9878092480298352
fips08055,0.0,43873709.7292921,43873709.7292921,0.0,1.0
fips08057,0.0,395409340.530872,395409340.530872,0.0,1.0
fips08059,41450.258991,21512870.1134893,21554320.3724803,0.0019230603551723,0.9980769396448276
fips08063,153186340.477739,0.0,153186340.477739,1.0,0.0
fips08065,41450.258991,16215964.729174402,16257414.9881654,0.0025496217585128,0.9974503782414872
fips08067,124350.776973,373722230.108688,373846580.885661,0.0003326251551596,0.9996673748448404
fips08069,96717.270979,136139761.193355,136236478.46433398,0.000709921983225,0.999290078016775
fips08071,27633.505994,24474955.3612969,24502588.8672909,0.0011277790336223,0.9988722209663776
fips08075,81353041.646336,97388716.5396837,178741758.18601972,0.4551428970597371,0.5448571029402628
fips08077,41450.258991,877241874.17425,877283324.433241,4.7248429140926014e-05,0.999952751570859
fips08081,69083.764985,140182136.35506898,140251220.12005398,0.0004925715792409,0.9995074284207592
fips08083,0.0,214629212.249968,214629212.249968,0.0,1.0
fips08085,0.0,778923875.9881951,778923875.9881951,0.0,1.0
fips08087,17685443.83616,127114113.202977,144799557.039137,0.1221374167006595,0.8778625832993404
fips08089,14935909.989757,392691191.71523696,407627101.704994,0.0366411112688143,0.9633588887311856
fips08091,27633.505994,109213825.489755,109241458.995749,0.0002529580458557,0.999747041954144
fips08093,0.0,39076293.2299017,39076293.2299017,0.0,1.0
fips08095,101636035.045932,0.0,101636035.045932,1.0,0.0
fips08097,0.0,135930672.82292202,135930672.82292202,0.0,1.0
fips08099,44614295.427313,90721120.72697148,135335416.15428448,0.3296572079584254,0.6703427920415748
fips08101,11481721.740507,297823151.641335,309304873.381842,0.0371210502277881,0.962878949772212
fips08103,0.0,157153142.42192,157153142.42192,0.0,1.0
fips08105,140474927.72049898,528784488.8262741,669259416.546773,0.2098960795282012,0.7901039204717989
fips08107,27633.505994,198831424.261661,198859057.767655,0.0001389602581054,0.9998610397418946
fips08109,152730387.628838,296963566.118441,449693953.747279,0.3396318459613315,0.6603681540386684
fips08113,0.0,54618528.7654571,54618528.7654571,0.0,1.0
fips08115,53609001.62836,40412135.5965601,94021137.2249201,0.5701803148808442,0.4298196851191558
fips08117,27633.505994,57673542.1779019,57701175.6838959,0.0004789071568555,0.9995210928431444
fips08121,56234184.69779,6319115.1953229895,62553299.89311299,0.8989803062968591,0.1010196937031408
fips08123,33781961.077665,395177020.119279,428958981.196944,0.0787533600145208,0.9212466399854792
fips08125,444167158.594559,1521698.69593256,445688857.2904916,0.9965857376260572,0.0034142623739429
fips10001,32552270.060932,4832264.56112934,37384534.622061335,0.8707416152165306,0.1292583847834694
fips10005,94686208.288441,14043768.8807821,108729977.1692231,0.8708381143231096,0.1291618856768904
fips12001,20462611.188557,23232.041159275697,20485843.229716275,0.9988659465515396,0.0011340534484602
fips12009,41933845.345895,2869157.08317055,44803002.42906555,0.935960606932244,0.0640393930677558
fips12011,15474763.35664,30619830.2479253,46094593.6045653,0.3357175353230004,0.6642824646769996
fips12015,10196763.711786,6586283.668654661,16783047.38044066,0.6075633036506551,0.3924366963493449
fips12021,146485215.274194,24440107.299558,170925322.573752,0.8570129520217088,0.1429870479782913
fips12027,56662504.04069699,290400.514490946,56952904.55518794,0.9949010411890488,0.0050989588109513
fips12035,15460946.603643,313632.555650222,15774579.15929322,0.9801178495804466,0.0198821504195535
fips12041,16593920.349397,11616.0205796378,16605536.369976638,0.9993004730277404,0.0006995269722596
fips12043,11840957.318429,130610535.397448,142451492.715877,0.0831227324661741,0.9168772675338258
fips12047,25201757.466528,11616.0205796378,25213373.487107635,0.9995392912977084,0.0004607087022915
fips12049,44489944.65034,360096.63796877296,44850041.28830877,0.9919710968457316,0.0080289031542684
fips12051,169186140.448265,298171632.25872403,467357772.70698905,0.3620056203801206,0.6379943796198793
fips12055,92738046.115864,16599293.4083025,109337339.52416652,0.8481827573220436,0.1518172426779564
fips12057,59785090.218019,2822693.000852,62607783.218871,0.9549146630701788,0.0450853369298211
fips12061,28338160.396847,22523463.9039178,50861624.3007648,0.5571619228924406,0.4428380771075593
fips12063,33768144.324668,92928.1646371027,33861072.4893051,0.9972556048050027,0.0027443951949972
fips12069,38106604.765726,3101477.4947633,41208082.2604893,0.9247361846358712,0.0752638153641288
fips12071,38148055.024717,24463339.340717297,62611394.365434304,0.609282949395187,0.390717050604813
fips12075,21070548.320425,46464.0823185514,21117012.402743552,0.9977996848497132,0.0022003151502868
fips12079,18486815.509986,11616.0205796378,18498431.53056564,0.9993720537570744,0.0006279462429257
fips12081,72731387.776208,987361.7492692168,73718749.52547722,0.9866063687240384,0.0133936312759616
fips12083,13208815.865132,406560.7202873241,13615376.585419323,0.9701395905036728,0.029860409496327
fips12085,12904847.299198,110967844.59728,123872691.896478,0.1041783067892215,0.8958216932107784
fips12086,45305133.077163,3519654.23563027,48824787.31279327,0.9279125536567768,0.0720874463432232
fips12093,12932480.805192,2450980.34230358,15383461.14749558,0.8406743242756785,0.1593256757243215
fips12095,10224397.21778,1556546.75767147,11780943.97545147,0.8678758883061559,0.1321241116938441
fips12097,14949726.742754,2950469.22722801,17900195.969982013,0.8351711214683994,0.1648288785316005
fips12099,36945997.513978,633526146.3928679,670472143.9068459,0.0551044481858611,0.9448955518141388
fips12101,10169130.205792,162624.28811492998,10331754.49390693,0.9842597607007758,0.0157402392992241
fips12105,109318149.712264,8107982.364587211,117426132.07685122,0.9309524871407598,0.0690475128592401
fips12107,28669762.468775,58080.1028981892,28727842.57167319,0.9979782643700694,0.0020217356299306
fips12109,51688472.961776994,174240.308694568,51862713.270471565,0.99664035493504,0.0033596450649598
fips12111,19357270.948797,32222841.0879154,51580112.03671239,0.3752855545373644,0.6247144454626355
fips12121,38534924.108633,104544.185216741,38639468.29384974,0.9972943679136138,0.0027056320863861
fips12127,22479857.126119,2160579.82781264,24640436.95393164,0.9123156853162908,0.0876843146837092
fips13007,30120521.53346,2032803.60143662,32153325.134896617,0.9367778109135476,0.0632221890864525
fips13027,12794313.275222,441408.782026238,13235722.057248238,0.9666501925533778,0.0333498074466221
fips13033,20932380.790455,3066629.43302439,23999010.223479398,0.8722185038271221,0.1277814961728779
fips13037,8138067.515232999,12661462.4318052,20799529.9470382,0.391262087939244,0.608737912060756
fips13069,7129444.546452001,4030759.14113433,11160203.68758633,0.6388274574578056,0.3611725425421945
fips13071,10555999.289708,14612953.8891844,25168953.1788924,0.4194055753800935,0.5805944246199065
fips13081,15156978.037709,3961063.017656501,19118041.055365503,0.7928102044458774,0.2071897955541226
fips13087,76240843.03744599,1103521.95506559,77344364.99251159,0.9857323548370662,0.0142676451629337
fips13093,16524836.584412,2125731.76607372,18650568.35048572,0.8860232178383797,0.1139767821616202
fips13095,18846051.087908,11616.0205796378,18857667.10848764,0.9993840160337538,0.0006159839662462
fips13099,25782061.092402,3368645.96809497,29150707.06049697,0.8844403341193762,0.1155596658806237
fips13155,11495538.493504,8502927.064294899,19998465.5577989,0.5748210261572307,0.4251789738427692
fips13163,19675056.267728,1858563.29274205,21533619.56047005,0.913690158427714,0.086309841572286
fips13177,32400285.777965,4425703.84084202,36825989.61880702,0.8798211837168983,0.1201788162831017
fips13193,12891030.546201,3078245.45360403,15969275.99980503,0.8072395108180476,0.1927604891819524
fips13201,47930316.146593004,615649.090720806,48545965.23731381,0.9873182233021582,0.0126817766978418
fips13205,69291016.279955,2148963.807233,71439980.087188,0.9699193112230668,0.030080688776933
fips13235,10666533.313684,3043397.39186511,13709930.70554911,0.7780151149390353,0.2219848850609647
fips13243,11785690.306441002,10733203.0155854,22518893.3220264,0.5233689834532439,0.476631016546756
fips13251,14922093.23676,2474212.38346286,17396305.62022286,0.8577736884211418,0.1422263115788583
fips13253,60462111.114872,383328.679128049,60845439.79400005,0.9936999604173156,0.0063000395826845
fips13261,20255359.893602,6783756.0185085,27039115.9121105,0.7491132461372327,0.2508867538627672
fips13273,13471334.172075,5935786.516194941,19407120.68826994,0.6941438860746277,0.3058561139253723
fips13277,8884172.177071,6655979.79213248,15540151.96920348,0.5716914605904181,0.4283085394095819
fips13287,10058596.181816,4727720.3759126,14786316.5577286,0.6802638197650727,0.3197361802349272
fips13315,8732187.894104,2474212.38346286,11206400.27756686,0.779214348748922,0.2207856512510779
fips13321,25864961.610384,5494377.7341687,31359339.3445527,0.8247929373192262,0.1752070626807737
fips16001,48842221.844395,215558493.896339,264400715.740734,0.1847280243079549,0.8152719756920451
fips16003,967172.70979,39564166.0942465,40531338.8040365,0.0238623430246444,0.9761376569753556
fips16005,57215174.160577,205080843.333506,262296017.49408305,0.2181320734763641,0.7818679265236359
fips16007,3495638.508241,290934851.437609,294430489.94585,0.0118725425104033,0.9881274574895966
fips16011,581464233.125748,488848610.073479,1070312843.1992272,0.5432656786474857,0.4567343213525142
fips16013,103694731.242485,161892478.81841302,265587210.060898,0.3904357111877046,0.6095642888122955
fips16019,266331730.77017203,671731238.0792971,938062968.8494692,0.2839166874872237,0.7160833125127762
fips16021,69664068.610874,99723536.6761908,169387605.2870648,0.4112701663903496,0.5887298336096504
fips16023,137310891.284186,106565372.797598,243876264.081784,0.563035077649618,0.4369649223503819
fips16025,263278228.357835,147558309.42314,410836537.780975,0.6408345026463877,0.3591654973536122
fips16027,291229519.670766,819696108.222724,1110925627.8934898,0.2621503297416843,0.7378496702583158
fips16029,99010851.976502,437006310.226555,536017162.203057,0.1847158243395836,0.8152841756604163
fips16031,792929637.744833,463258516.736537,1256188154.48137,0.6312188464093598,0.3687811535906402
fips16033,71930016.102382,107506270.464548,179436286.56693,0.4008666110884545,0.5991333889115454
fips16035,6701125.203545,31897592.5116855,38598717.7152305,0.1736100471778323,0.8263899528221677
fips16037,10376381.500747,88177212.2200308,98553593.7207778,0.1052866882779067,0.8947133117220933
fips16039,130333431.020701,328710150.362592,459043581.383293,0.2839238719512232,0.7160761280487767
fips16041,33781961.077665,326665730.74057496,360447691.8182399,0.0937222288961139,0.9062777711038862
fips16043,75701989.67056301,360619358.89485705,436321348.56542,0.1735005401854926,0.8264994598145075
fips16045,10155313.452795,162264191.476961,172419504.929756,0.0588988667896494,0.9411011332103506
fips16047,140944697.322397,355485077.798657,496429775.121054,0.2839166874872236,0.7160833125127763
fips16049,2459382.033466,101454323.742557,103913705.776023,0.0236675423621883,0.9763324576378116
fips16051,428015374.341066,359841085.516021,787856459.857087,0.5432656786474858,0.4567343213525142
fips16053,96330401.895084,541980288.204742,638310690.099826,0.150914599095965,0.849085400904035
fips16055,36724929.466026,65607284.2337945,102332213.6998205,0.358879458757281,0.641120541242719
fips16057,161490209.028936,76363719.2905392,237853928.3194752,0.6789469914157956,0.3210530085842044
fips16059,2514649.045454,103347735.097038,105862384.142492,0.0237539430631871,0.9762460569368128
fips16061,15640564.392604,41655049.798581295,57295614.191185296,0.2729801331811229,0.727019866818877
fips16063,130485415.303668,178991261.111639,309476676.415307,0.4216324694160832,0.5783675305839169
fips16065,145863461.38932902,300239283.921899,446102745.311228,0.3269727947707784,0.6730272052292215
fips16067,665691159.39546,388915985.026855,1054607144.422315,0.6312219321822511,0.3687780678177489
fips16069,14576674.411835,162775296.382465,177351970.79430002,0.0821906536845965,0.9178093463154032
fips16071,446999592.958944,478289647.366588,925289240.325532,0.4830917441574076,0.5169082558425924
fips16073,160371052.03617898,764043753.625679,924414805.661858,0.1734838635793563,0.8265161364206437
fips16075,58762650.496241,444603187.685638,503365838.181879,0.1167394488042483,0.8832605511957518
fips16077,477424083.058338,225780592.006421,703204675.064759,0.6789262073867347,0.3210737926132652
fips16081,134285022.37784302,357494649.358934,491779671.736777,0.2730593192345667,0.7269406807654333
fips16083,455372545.275126,1148534034.81169,1603906580.0868158,0.2839146312689095,0.7160853687310905
fips16085,179617.78896099998,14461945.6216491,14641563.410610102,0.0122676645877064,0.9877323354122935
fips16087,114527065.592133,385117546.297313,499644611.889446,0.2292170532151638,0.7707829467848363
fips17017,12642328.992255,267168.47333167,12909497.46558667,0.9793045024375372,0.0206954975624629
fips17101,16856438.65634,0.0,16856438.65634,1.0,0.0
fips17125,92392627.290939,34848.0617389135,92427475.35267793,0.999622968585846,0.0003770314141541
fips17179,28586861.950793,0.0,28586861.950793,1.0,0.0
fips17193,15156978.037709,209088.370433481,15366066.408142485,0.986392850005992,0.0136071499940079
fips17195,17229490.987259,151008.267535292,17380499.254794292,0.9913116265924504,0.0086883734075496
fips18073,4877313.807941,12243285.6909383,17120599.4988793,0.2848798494620627,0.7151201505379374
fips18091,15322779.073673,15623547.6796129,30946326.7532859,0.4951404797031692,0.5048595202968308
fips20009,43674756.223517,0.0,43674756.223517,1.0,0.0
fips20023,67646822.673312,0.0,67646822.673312,1.0,0.0
fips20027,10058596.181816,3542886.27678954,13601482.45860554,0.739522049337498,0.260477950662502
fips20029,11937674.589408,569185.008402254,12506859.597810255,0.9544901736562302,0.0455098263437696
fips20039,12504161.462285,0.0,12504161.462285,1.0,0.0
fips20047,137739210.627093,0.0,137739210.627093,1.0,0.0
fips20055,294545540.390046,0.0,294545540.390046,1.0,0.0
fips20057,97325208.110868,0.0,97325208.110868,1.0,0.0
fips20063,23018710.493002,0.0,23018710.493002,1.0,0.0
fips20065,19232920.171824,0.0,19232920.171824,1.0,0.0
fips20067,131272970.224497,0.0,131272970.224497,1.0,0.0
fips20069,176357035.253708,0.0,176357035.253708,1.0,0.0
fips20071,19785590.291704,0.0,19785590.291704,1.0,0.0
fips20075,45332766.583157,4901960.68460717,50234727.267764166,0.902418885276744,0.0975811147232559
fips20079,32497003.048944,313632.555650222,32810635.60459422,0.9904411313627124,0.0095588686372874
fips20081,186429448.188521,0.0,186429448.188521,1.0,0.0
fips20083,24428019.298696,58080.1028981892,24486099.401594188,0.9976280377717324,0.0023719622282676
fips20089,1478392.570679,33942012.1337018,35420404.7043808,0.0417384437873504,0.9582615562126496
fips20093,149897953.264453,46951955.182896204,196849908.4473492,0.7614834797068026,0.2385165202931973
fips20095,20697495.989506003,209088.370433481,20906584.35993948,0.9899989225005053,0.0100010774994948
fips20097,81035256.327405,0.0,81035256.327405,1.0,0.0
fips20101,15944532.958538,0.0,15944532.958538,1.0,0.0
fips20113,32427919.283959,1289378.2843398,33717297.5682988,0.9617591450878292,0.0382408549121706
fips20119,177061689.656555,0.0,177061689.656555,1.0,0.0
fips20123,690837.64985,13404887.7489021,14095725.3987521,0.0490104361646517,0.9509895638353484
fips20129,55722964.836901,0.0,55722964.836901,1.0,0.0
fips20137,14825375.965781,220704.391013119,15046080.35679412,0.9853314361096404,0.0146685638903595
fips20145,84903947.166565,197472.34985384296,85101419.51641884,0.9976795645598396,0.0023204354401602
fips20147,7101811.040458,14822042.2596179,21923853.3000759,0.3239307864021063,0.6760692135978937
fips20151,115217903.241983,0.0,115217903.241983,1.0,0.0
fips20153,23046343.998996,0.0,23046343.998996,1.0,0.0
fips20155,71639864.289445,0.0,71639864.289445,1.0,0.0
fips20157,18362464.733013,2718148.81563525,21080613.54864825,0.8710593119425812,0.1289406880574188
fips20159,27426254.699045,46464.0823185514,27472718.78136355,0.9983087191810782,0.0016912808189217
fips20165,12600878.733264,34848.0617389135,12635726.795002911,0.9972421007272256,0.0027578992727743
fips20171,45885436.703037,0.0,45885436.703037,1.0,0.0
fips20173,29595484.919574,278784.493911308,29874269.413485307,0.990668073248832,0.0093319267511681
fips20175,189303332.811897,0.0,189303332.811897,1.0,0.0
fips20179,84199292.763718,0.0,84199292.763718,1.0,0.0
fips20181,141704618.737232,0.0,141704618.737232,1.0,0.0
fips20185,116972630.872602,0.0,116972630.872602,1.0,0.0
fips20187,118202321.889335,0.0,118202321.889335,1.0,0.0
fips20189,252736045.821124,0.0,252736045.821124,1.0,0.0
fips20193,114761950.393082,0.0,114761950.393082,1.0,0.0
fips20199,49450158.976263,0.0,49450158.976263,1.0,0.0
fips20203,50389698.180059,0.0,50389698.180059,1.0,0.0
fips22001,154865161.04096103,56105268.4387814,210970429.47974244,0.7340609839154322,0.2659390160845678
fips22003,30442299.2309868,8348793.77258046,38791093.00356726,0.7847754954516827,0.2152245045483172
fips22009,45561384.8124023,3962527.6341739898,49523912.44657629,0.9199875890571336,0.0800124109428662
fips22019,26318912.2542372,7146292.61192072,33465204.86615792,0.7864560327509756,0.2135439672490244
fips22023,12274901.1651096,15666872.2645954,27941773.429705,0.4393028665839838,0.5606971334160161
fips22025,12914502.4453315,7856340.91631028,20770843.36164178,0.6217611013899007,0.3782388986100993
fips22029,29884349.1780273,6940149.55580762,36824498.73383492,0.8115344459684143,0.1884655540315855
fips22035,25788179.2770318,4844361.8186578,30632541.0956896,0.8418556983723604,0.1581443016276395
fips22039,105697513.691138,9883414.30142241,115580927.99256042,0.9144892286895414,0.0855107713104585
fips22041,26223652.4890977,7570031.1161532,33793683.6052509,0.7759927208711582,0.2240072791288417
fips22053,148714101.920529,53906409.1735751,202620511.0941041,0.7339538387180404,0.2660461612819595
fips22065,38621030.4951009,5256647.930883991,43877678.42598489,0.8801976740918239,0.1198023259081761
fips22067,76248637.7251762,31127601.4730778,107376239.198254,0.7101071735656025,0.2898928264343975
fips22069,1891586.76491156,12334226.190767,14225812.95567856,0.1329686233612744,0.8670313766387255
fips22073,7620781.2111545,14498728.2799545,22119509.491109,0.344527586121098,0.655472413878902
fips22077,16833761.353925202,0.0,16833761.353925202,1.0,0.0
fips22079,6477664.02948133,15861562.928702202,22339226.95818353,0.2899681372863427,0.7100318627136574
fips22083,23828549.8227349,8726722.7087878,32555272.5315227,0.7319413406741453,0.2680586593258547
fips22097,63728782.8782795,10215533.6696046,73944316.5478841,0.8618482914371203,0.1381517085628796
fips22107,28387410.011550497,3962527.6341739898,32349937.645724487,0.8775105016408681,0.1224894983591319
fips22113,55373140.6217637,70363496.486604,125736637.10836773,0.44038986484138,0.55961013515862
fips22123,13268324.4301351,2370645.14530062,15638969.57543572,0.8484142363813908,0.1515857636186092
fips24011,15861632.440556,4019143.12055469,19880775.56111069,0.7978377096909316,0.2021622903090683
fips24019,17740710.848148,824737.461154287,18565448.309302285,0.9555767548720572,0.0444232451279428
fips24035,9934245.404843,1951491.45737916,11885736.86222216,0.8358123286759094,0.1641876713240906
fips25023,118008887.347377,19445218.4503137,137454105.7976907,0.8585330111642225,0.1414669888357775
fips26005,10473098.771726,7469101.23270713,17942200.00443313,0.5837131884126987,0.4162868115873012
fips26009,11688973.035462,34848.0617389135,11723821.097200911,0.9970275849955408,0.002972415004459
fips26021,11771873.553444,3194405.65940041,14966279.212844407,0.78655979793168,0.2134402020683201
fips26023,17961778.8961,6841836.12140669,24803615.01750669,0.7241597195982263,0.2758402804017737
fips26027,40165300.962279,1777251.14868459,41942552.11096359,0.957626537746614,0.0423734622533859
fips26077,16994606.18631,2892389.12432982,19886995.31063982,0.8545587667141274,0.1454412332858725
fips26107,13623318.455042,580801.028981892,14204119.484023891,0.959110381348513,0.0408896186514869
fips26117,45236049.312178,3833286.79128049,49069336.103458494,0.9218801985990124,0.0781198014009876
fips26149,54341289.537201,10965523.4271781,65306812.9643791,0.8320921978973446,0.1679078021026554
fips26159,22217338.819176,1312610.32549908,23529949.14467508,0.9442153352126506,0.0557846647873494
fips27037,21678485.452293,522720.9260837029,22201206.3783767,0.9764552917902328,0.0235447082097672
fips27057,16787354.891355,46464.0823185514,16833818.973673552,0.9972398371165084,0.0027601628834916
fips27097,16428119.313433,127776.22637601598,16555895.539809017,0.9922821313973156,0.0077178686026844
fips27111,67301403.84838699,766657.358256097,68068061.20664309,0.9887369003220372,0.0112630996779628
fips27121,27730223.264979,58080.1028981892,27788303.367877185,0.9979099082758206,0.0020900917241794
fips27141,24649087.346648,92928.1646371027,24742015.511285104,0.9962441150117816,0.0037558849882184
fips27145,22770008.939056,592417.04956153,23362425.98861753,0.9746423145502884,0.0253576854497115
fips27151,18984218.617878,69696.123477827,19053914.74135583,0.9963421625202008,0.003657837479799
fips27159,17036056.445301,1823715.23100314,18859771.67630414,0.9033013091407412,0.0966986908592588
fips28011,433976272.89949495,19228566.178549506,453204839.0780445,0.9575720192713162,0.0424279807286837
fips28015,14806089.210243,641333.95235186,15447423.16259486,0.9584827873489724,0.0415172126510275
fips28027,160199707.888769,7100483.04389559,167300190.9326646,0.9575584283298672,0.0424415716701328
fips28033,13254715.892258,595524.384326727,13850240.276584726,0.957002595447133,0.042997404552867
fips28051,50582935.289038,2244668.8332315097,52827604.122269504,0.957509546939963,0.042490453060037
fips28053,116366607.386754,5153576.40282744,121520183.78958143,0.9575907784031076,0.0424092215968923
fips28055,44853740.842795104,1992716.20909328,46846457.051888384,0.9574628192931196,0.0425371807068802
fips28083,218770854.911643,9688723.6373156,228459578.5489586,0.9575910815433842,0.0424089184566158
fips28103,217736.606032986,18209303.2899903,18427039.896023285,0.0118161466660728,0.9881838533339272
fips28107,23433902.224300098,1042167.67257177,24476069.89687187,0.9574209553673092,0.0425790446326909
fips28119,102322596.297626,4535147.23448815,106857743.53211412,0.9575590211379936,0.0424409788620063
fips28125,89013446.25386,3939622.85016142,92953069.10402142,0.957617076142449,0.042382923857551
fips28133,329966217.905113,14613252.2000174,344579470.1051304,0.9575910538269766,0.0424089461730234
fips28135,125443502.150754,5554410.123047359,130997912.27380136,0.9575992469907616,0.0424007530092386
fips28143,124014605.673663,5497148.163015939,129511753.83667897,0.9575548318961988,0.042445168103801
fips28151,312057382.0589,13823037.151583798,325880419.2104838,0.957582486284162,0.0424175137158382
fips28163,48990736.3574218,2164502.0891875303,51155238.44660933,0.9576875769732436,0.0423124230267564
fips29005,19324123.7854275,0.0,19324123.7854275,1.0,0.0
fips29007,4613294.340323891,16262396.6489222,20875690.98924609,0.2209888210503012,0.7790111789496987
fips29011,16330245.4524739,1099429.63260319,17429675.08507709,0.936921966288144,0.063078033711856
fips29023,194547657.490473,950548.536521506,195498206.0269945,0.9951378145311972,0.0048621854688029
fips29031,18344309.0582791,0.0,18344309.0582791,1.0,0.0
fips29069,246613923.408111,0.0,246613923.408111,1.0,0.0
fips29087,15064651.4299072,12677797.9509555,27742449.380862694,0.5430180739664285,0.4569819260335715
fips29133,136847456.891732,0.0,136847456.891732,1.0,0.0
fips29143,311063958.793874,0.0,311063958.793874,1.0,0.0
fips29155,194221052.58142295,0.0,194221052.58142295,1.0,0.0
fips29181,19133604.2551486,0.0,19133604.2551486,1.0,0.0
fips29201,114583888.924859,0.0,114583888.924859,1.0,0.0
fips29207,355223664.204939,3069241.0576839,358292905.2626229,0.991433709647602,0.0085662903523981
fips30001,1564981.85586209,951888466.3862412,953453448.2421032,0.0016413825538598,0.99835861744614
fips30003,1251985.48468967,368389093.666112,369641079.15080166,0.0033870301633301,0.99661296983667
fips30005,2667273.4239040804,390629638.942314,393296912.3662181,0.0067818315883966,0.9932181684116034
fips30007,843729.34837782,225990051.45998695,226833780.8083648,0.0037195930225693,0.9962804069774306
fips30009,231345.14391004705,576765366.2204349,576996711.364345,0.0004009470753533,0.9995990529246466
fips30011,734861.045361327,39178633.0534949,39913494.09885623,0.0184113433802926,0.9815886566197074
fips30013,802903.734746635,195068593.043022,195871496.7777686,0.0040991351368371,0.9959008648631628
fips30015,775686.6589925119,102750861.080373,103526547.73936552,0.007492635231548,0.992507364768452
fips30017,557950.052959526,150209573.554411,150767523.60737053,0.0037007310301954,0.9962992689698044
fips30021,122476.840893555,90359372.92957447,90481849.77046804,0.0013536067311206,0.9986463932688794
fips30023,285779.295418294,78677933.0831657,78963712.378584,0.003619121832167,0.9963808781678328
fips30027,1456113.55284559,139593206.164586,141049319.7174316,0.0103234354888252,0.9896765645111748
fips30029,13744623.2558322,68496756.58957991,82241379.8454121,0.1671253969919736,0.8328746030080264
fips30031,7634389.749031571,529192129.826335,536826519.57536656,0.0142213349576515,0.9857786650423483
fips30035,149693.91664767798,79445243.3475866,79594937.26423427,0.001880696458755,0.998119303541245
fips30037,0.0,33372270.3063093,33372270.3063093,0.0,1.0
fips30039,272170.75754123204,140120016.196875,140392186.95441625,0.0019386460418171,0.9980613539581829
fips30041,2449536.81787109,53620099.373418,56069636.1912891,0.0436874034551279,0.956312596544872
fips30043,585167.12871365,92180303.2585735,92765470.38728715,0.0063080273971622,0.9936919726028376
fips30045,789295.196869574,151469336.67510203,152258631.8719716,0.0051839110017306,0.9948160889982692
fips30047,1143117.18167318,244806331.52631,245949448.7079832,0.0046477728967402,0.9953522271032598
fips30049,3946475.98434787,185837965.085958,189784441.07030588,0.0207945180442157,0.9792054819557844
fips30051,40825.6136311848,44011542.4801464,44052368.09377758,0.000926751850077,0.999073248149923
fips30053,312996.37117241696,14441466.3199231,14754462.691095518,0.021213674650539,0.978786325349461
fips30055,13608.5378770616,36040677.643773295,36054286.18165036,0.0003774457718701,0.9996225542281298
fips30057,789295.196869574,822945984.7874991,823735279.9843687,0.0009581903507696,0.9990418096492304
fips30059,503515.90145128,239595493.163451,240099009.06490228,0.0020971177824193,0.9979028822175806
fips30063,5525066.3780870205,152293908.89955398,157818975.277641,0.0350088851379697,0.9649911148620304
fips30065,95259.7651394313,82480127.2292517,82575386.99439113,0.0011536096724064,0.9988463903275936
fips30067,707643.969607204,319762237.207434,320469881.1770412,0.0022081450119684,0.9977918549880316
fips30069,190519.530278863,61682583.3458414,61873102.87612026,0.0030791979296773,0.9969208020703226
fips30071,1728284.31038683,359765442.485381,361493726.79576784,0.0047809524267713,0.9952190475732288
fips30073,789295.196869574,153462052.884195,154251348.08106458,0.0051169419696401,0.9948830580303598
fips30075,843729.34837782,89523348.3131159,90367077.66149372,0.0093366895357438,0.9906633104642562
fips30077,666818.3559760189,190877017.568722,191543835.924698,0.0034812832934919,0.996518716706508
fips30079,843729.34837782,81048578.2284663,81892307.57684413,0.010302913342454,0.989697086657546
fips30081,3497394.2344048303,434137276.174184,437634670.4085888,0.0079915840103334,0.9920084159896666
fips30083,449081.749943033,368892998.914388,369342080.664331,0.0012158965183043,0.9987841034816958
fips30085,1728284.31038683,133248580.993105,134976865.30349183,0.0128043002517566,0.9871956997482432
fips30087,762078.121115451,177225766.297233,177987844.41834843,0.0042816301506761,0.995718369849324
fips30089,979814.727148436,73696142.5604324,74675957.28758083,0.0131208860620978,0.9868791139379022
fips30091,7920169.04444986,15323300.5044069,23243469.54885676,0.3407481412274536,0.6592518587725464
fips30093,122476.840893555,13525274.9594205,13647751.800314056,0.0089741404068277,0.991025859593172
fips30095,1251985.48468967,150175216.378392,151427201.8630817,0.0082679034498814,0.9917320965501184
fips30097,149693.91664767798,294120331.505365,294270025.4220127,0.0005086957682251,0.9994913042317748
fips30099,299387.833295356,449540743.422635,449840131.2559304,0.0006655427395049,0.9993344572604952
fips30101,272170.75754123204,21427425.4437559,21699596.20129713,0.0125426646199509,0.987457335380049
fips30103,530732.977205403,122769642.307356,123300375.2845614,0.0043043906069267,0.9956956093930732
fips30105,3089138.09809299,275178075.12697303,278267213.225066,0.0111013369569862,0.988898663043014
fips30107,925380.57564019,193178948.361985,194104328.9376252,0.0047674391431916,0.9952325608568082
fips30111,2245408.74971517,477003579.453702,479248988.2034171,0.0046852654986975,0.9953147345013024
fips31001,205597790.246647,4489337.666463019,210087127.91311,0.9786310674477888,0.0213689325522112
fips31003,193037109.78611895,1878192.2890304504,194915302.07514945,0.9903640593168702,0.0096359406831297
fips31005,15881163.702530902,0.0,15881163.702530902,1.0,0.0
fips31007,29584961.344732,2095787.73714983,31680749.081881832,0.9338466482679096,0.0661533517320904
fips31009,18194615.1416314,1362834.6487477,19557449.7903791,0.9303163416828444,0.0696836583171554
fips31011,120095346.765069,1362834.6487477,121458181.41381668,0.9887793919447516,0.0112206080552484
fips31013,118557581.984961,3607503.4819792095,122165085.4669402,0.9704702577811772,0.0295297422188228
fips31015,10927655.9152805,5852172.31521072,16779828.23049122,0.6512376506586325,0.3487623493413675
fips31017,53046080.6447862,32730936.3539574,85777016.9987436,0.6184183421249446,0.3815816578750555
fips31019,273232223.495643,5165028.79483373,278397252.29047674,0.981447270932672,0.0185527290673278
fips31021,34089387.3820394,2656954.9454577,36746342.327497095,0.9276947098087226,0.0723052901912774
fips31023,41805428.3583333,767310.264420975,42572738.62275428,0.9819764880239378,0.0180235119760621
fips31027,86713603.3526366,2989074.31363992,89702677.66627653,0.966677981177326,0.0333220188226739
fips31029,235931221.17461705,217595.44811938095,236148816.6227364,0.9990785664259034,0.0009214335740966
fips31031,77514231.747743,5279552.714896561,82793784.46263956,0.9362324992248792,0.0637675007751209
fips31033,40607877.0251519,1431549.0007854,42039426.0259373,0.9659474656028326,0.0340525343971672
fips31035,158593900.419276,6859982.8117636405,165453883.23103964,0.9585383994754336,0.0414616005245665
fips31037,32007281.086848903,904738.968496374,32912020.05534528,0.9725103786709248,0.0274896213290753
fips31039,34320732.5259494,458095.680251328,34778828.206200734,0.9868283175748384,0.0131716824251615
fips31041,241483504.628458,14899562.0001745,256383066.6286325,0.9418855457339688,0.0581144542660312
fips31043,16003640.5434245,183238.272100531,16186878.81552503,0.9886798267789104,0.0113201732210897
fips31045,6681792.097637249,13502370.1754079,20184162.27304515,0.3310413386123247,0.6689586613876752
fips31047,236012872.40188,30417553.1686882,266430425.5705682,0.8858330346335327,0.1141669653664672
fips31049,23978243.7393826,3000526.7056462,26978770.4450288,0.8887819327511611,0.1112180672488389
fips31051,20494458.0428548,1568977.7048608,22063435.7477156,0.9288878793492872,0.0711121206507127
fips31053,50147462.0769721,3985432.41818656,54132894.49515866,0.9263768831252318,0.0736231168747681
fips31055,12234075.5514784,698595.912383276,12932671.463861678,0.9459820877430164,0.0540179122569836
fips31057,134343485.92235202,2324835.57727549,136668321.4996275,0.982989213946834,0.0170107860531661
fips31059,105452560.00935,4477885.27445674,109930445.28380673,0.9592661954302448,0.0407338045697551
fips31061,83937461.625716,7100483.04389559,91037944.6696116,0.9220052356227488,0.0779947643772512
fips31063,61510591.2043185,309214.584169647,61819805.78848815,0.9949981307733704,0.0050018692266294
fips31065,36362013.2075086,9287889.91709568,45649903.124604285,0.7965408624911251,0.2034591375088748
fips31067,51984614.6903754,11727249.414434,63711864.1048094,0.8159330357193434,0.1840669642806565
fips31069,40049926.972192295,5565862.51505364,45615789.48724593,0.8779838609039127,0.1220161390960873
fips31071,19963725.0656494,4271742.218343641,24235467.283993043,0.8237400513764789,0.1762599486235211
fips31073,85842656.92850469,9906319.08543498,95748976.01393968,0.8965386420008004,0.1034613579991995
fips31077,94919551.6925048,5932339.0592547,100851890.7517595,0.9411777110470166,0.0588222889529832
fips31079,299210922.302954,549714.816301594,299760637.11925554,0.9981661540968674,0.0018338459031326
fips31081,232733214.773508,2668407.3374639903,235401622.110972,0.9886644479611696,0.0113355520388303
fips31083,70818831.11222869,4787099.85862638,75605930.97085507,0.9366835406011768,0.0633164593988232
fips31085,69988710.3017279,641333.95235186,70630044.25407976,0.990919813811177,0.0090801861888231
fips31087,30904989.5188069,2989074.31363992,33894063.83244682,0.9118112738438148,0.0881887261561853
fips31089,353209600.599134,15082800.272275,368292400.87140894,0.9590466698835276,0.0409533301164724
fips31093,92333929.495863,59415009.7285973,151748939.2244603,0.608465073744514,0.391534926255486
fips31095,100077187.547911,6504958.65956886,106582146.20747986,0.9389676517968978,0.0610323482031022
fips31097,19283298.1717963,1065072.45658434,20348370.62838064,0.947658096265514,0.0523419037344859
fips31099,218906940.290413,20098947.971027,239005888.26144,0.9159060552138304,0.0840939447861698
fips31101,117019817.204853,11463844.3982895,128483661.6031425,0.9107758585391288,0.0892241414608712
fips31103,41315520.99475911,3744932.1860546097,45060453.18081372,0.9168909338078036,0.0831090661921963
fips31105,28278541.708534,847477.008464957,29126018.71699896,0.9709030946968958,0.0290969053031041
fips31107,62435971.7799587,8955770.54891347,71391742.32887217,0.8745545317039897,0.1254454682960102
fips31111,234624801.538419,37357702.724495806,271982504.26291484,0.8626466697711423,0.1373533302288575
fips31113,36525315.6620334,343571.76018849603,36868887.4222219,0.9906812550036046,0.0093187449963954
fips31115,11689734.0363959,3515884.34592895,15205618.38232485,0.7687772862946602,0.2312227137053397
fips31117,13241107.354381,1443001.39279168,14684108.74717268,0.9017304068202628,0.0982695931797372
fips31119,11689734.0363959,0.0,11689734.0363959,1.0,0.0
fips31121,220308619.69175,435190.896238762,220743810.5879888,0.998028525035064,0.0019714749649358
fips31123,88278585.2084987,44423828.5923726,132702413.80087131,0.6652372227453716,0.3347627772546284
fips31125,45819947.0320665,12047916.3906099,57867863.4226764,0.7918029856639093,0.2081970143360907
fips31127,8614204.47618,3779289.36207346,12393493.83825346,0.6950585999882941,0.3049414000117058
fips31129,65756455.0219617,12162440.3106728,77918895.33263451,0.8439089740845075,0.1560910259154924
fips31135,148632450.693267,0.0,148632450.693267,1.0,0.0
fips31137,206060480.53446695,47573236.3941005,253633716.92856747,0.8124333114295729,0.1875666885704272
fips31139,103438496.403545,412286.112226196,103850782.5157712,0.9960300143895056,0.0039699856104944
fips31141,165275692.516913,2966169.52962735,168241862.04654035,0.9823696106691518,0.0176303893308481
fips31143,66151102.6203965,68714.35203769931,66219816.9724342,0.9989623294781032,0.0010376705218968
fips31145,44581570.0852539,4351908.96238762,48933479.04764152,0.9110647955737908,0.0889352044262091
fips31149,68124340.6125704,4214480.25831222,72338820.87088263,0.9417397158596952,0.0582602841403046
fips31151,86808863.11777599,5703291.21912904,92512154.33690505,0.9383508982143132,0.0616491017856869
fips31155,23638030.292456,1431549.0007854,25069579.2932414,0.942896967514276,0.0571030324857241
fips31157,48160615.546921104,134050248.433545,182210863.9804661,0.2643125360081941,0.7356874639918058
fips31159,71431215.31669639,7524221.54812807,78955436.86482446,0.9047029331113714,0.0952970668886286
fips31161,52855561.1145073,2748574.0815079696,55604135.19601527,0.9505688907521228,0.0494311092478772
fips31163,76439157.25545509,14338394.7918666,90777552.04732168,0.8420491138118364,0.1579508861881635
fips31165,18480394.437049694,16159325.1208656,34639719.5579153,0.5335030038609785,0.4664969961390214
fips31167,23256991.2318983,904738.968496374,24161730.200394675,0.9625548766171722,0.0374451233828277
fips31169,134180183.467828,3401360.4258661103,137581543.8936941,0.975277494861562,0.0247225051384381
fips31175,57727417.6744954,38480037.141111605,96207454.815607,0.6000306087000933,0.3999693912999066
fips31177,14071228.1648817,5119219.22680859,19190447.39169029,0.7332412776877063,0.2667587223122936
fips31179,40920873.39632431,629881.560345577,41550754.95666988,0.9848406711020672,0.0151593288979329
fips31181,47452971.5773138,5600219.69107249,53053191.26838629,0.8944414170536507,0.1055585829463493
fips31183,74234574.1193711,0.0,74234574.1193711,1.0,0.0
fips31185,184708684.605357,2393549.92931319,187102234.53467017,0.9872072616595626,0.0127927383404374
fips32001,4628612.253995,186239657.953333,190868270.207328,0.0242502970712064,0.9757497029287936
fips32003,10252030.723774,4553480.06721803,14805510.790992027,0.6924469454989383,0.3075530545010618
fips32005,11163936.421576,81474768.3455798,92638704.7671558,0.1205104977410486,0.8794895022589514
fips32007,30258689.06343,379367616.110392,409626305.173822,0.0738690086091759,0.926130991390824
fips32009,73629476.721013,0.0,73629476.721013,1.0,0.0
fips32011,164999664.29017398,2543908.50694069,167543572.79711467,0.9848164363188004,0.0151835636811995
fips32013,500746762.117274,90895361.03566612,591642123.15294,0.8463676647104291,0.1536323352895709
fips32015,154554199.02444202,9397360.64892701,163951559.67336902,0.9426820905659646,0.0573179094340353
fips32017,78092287.939044,3055013.41244475,81147301.35148875,0.9623522487924522,0.0376477512075477
fips32019,20462611.188557,293687848.314984,314150459.503541,0.0651363401501768,0.9348636598498232
fips32021,12835763.534213,0.0,12835763.534213,1.0,0.0
fips32023,81270141.128354,2660068.71273707,83930209.84109107,0.9683061829849644,0.0316938170150354
fips32027,58237613.882355005,132608490.937146,190846104.81950095,0.3051548468198246,0.6948451531801755
fips32031,14604307.917829,42317162.9716207,56921470.8894497,0.2565694049999661,0.743430595000034
fips32033,119984683.025948,6795372.03908814,126780055.06503616,0.946400306928387,0.053599693071613
fips34001,19596294.5429687,858929.4004712411,20455223.94343994,0.9580092888327092,0.0419907111672909
fips34005,6845094.55216199,20007328.8349768,26852423.38713879,0.2549153368198607,0.7450846631801392
fips34011,22249959.4289957,2496621.45736974,24746580.88636544,0.899112468553371,0.1008875314466289
fips35001,2873884.623376,40249511.308445096,43123395.93182109,0.0666432817099948,0.9333567182900052
fips35003,400685.836913,21814886.6485599,22215572.4854729,0.018036259798167,0.981963740201833
fips35005,167735381.38358,9896849.53385144,177632230.91743144,0.9442846071192352,0.0557153928807648
fips35007,5554334.704794,58045254.8364503,63599589.5412443,0.0873328703040137,0.9126671296959864
fips35009,175790548.380831,0.0,175790548.380831,1.0,0.0
fips35011,10777067.33766,33883932.0308036,44660999.3684636,0.2413082441068256,0.7586917558931744
fips35013,158685408.17054498,297195886.530034,455881294.700579,0.3480849291585191,0.6519150708414809
fips35015,110368222.940036,66373941.5920506,176742164.5320866,0.6244589299459395,0.3755410700540603
fips35017,5402350.421827,32269305.1702339,37671655.5920609,0.1434062383752923,0.8565937616247077
fips35019,2335031.256493,19410370.3885748,21745401.6450678,0.1073804611478685,0.8926195388521315
fips35023,57311891.431556,5552457.83706689,62864349.26862289,0.9116755696723922,0.0883244303276078
fips35025,203244436.58587,0.0,203244436.58587,1.0,0.0
fips35027,5803036.25874,15948796.2558428,21751832.5145828,0.2667837872900844,0.7332162127099157
fips35029,60462111.114872,68941082.1401506,129403193.25502262,0.4672381692754343,0.5327618307245656
fips35035,19605972.502743,6969612.3477827,26575584.8505257,0.7377437829879092,0.2622562170120908
fips35037,9754627.615882,37345506.1635357,47100133.7794177,0.2071040320514902,0.7928959679485098
fips35039,1506026.076673,111780966.037855,113286992.114528,0.0132939011669625,0.9867060988330376
fips35041,229233748.973227,0.0,229233748.973227,1.0,0.0
fips35043,773738.167832,50076664.7188187,50850402.886650704,0.0152159692727847,0.9847840307272152
fips35045,0.0,231902234.85189,231902234.85189,0.0,1.0
fips35047,0.0,38019235.3571547,38019235.3571547,0.0,1.0
fips35049,15336595.82667,11790260.8883324,27126856.7150024,0.5653657549710932,0.4346342450289068
fips35051,24441836.051693,18585632.9274205,43027468.979113504,0.5680519126876279,0.431948087312372
fips35053,35730123.250242,109562306.107144,145292429.357386,0.2459186855658811,0.754081314434119
fips35055,1506026.076673,94217542.9214425,95723568.9981155,0.0157330748574851,0.9842669251425148
fips35057,56510519.75773,0.0,56510519.75773,1.0,0.0
fips35059,47736881.604635,1080289.91390632,48817171.51854132,0.977870698356704,0.022129301643296
fips35061,11951491.342405,141088185.96028098,153039677.30268598,0.0780940704596953,0.9219059295403048
fips37163,2279764.2445050003,12173589.567460502,14453353.811965505,0.1577325425063386,0.8422674574936613
fips38021,11703342.574273,1168143.98464089,12871486.55891389,0.9092456042824428,0.0907543957175572
fips38035,9838972.88511555,1546072.92084823,11385045.80596378,0.8642014316676392,0.1357985683323608
fips38043,21011582.4821831,251952.624138231,21263535.10632133,0.9881509531280463,0.0118490468719535
fips38049,9716496.04422199,14040632.5997032,23757128.64392519,0.4089928623047863,0.5910071376952137
fips38053,3116355.17384711,87313036.6559032,90429391.82975031,0.034461750884206,0.965538249115794
fips38073,18875042.0354845,1339929.86473514,20214971.90021964,0.9337159669897646,0.0662840330102354
fips38081,13159456.1271186,45809.5680251328,13205265.695143731,0.9965309620356992,0.0034690379643008
fips38105,7716040.97629393,15094252.6642813,22810293.64057523,0.3382701291739858,0.6617298708260142
fips39085,303968.565934,11151379.7564523,11455348.3223863,0.0265350784087444,0.9734649215912556
fips40007,75091912.005626,68714.35203769931,75160626.35766369,0.9990857666391616,0.0009142333608385
fips40009,15091868.5056613,458095.680251328,15549964.18591263,0.9705404028733174,0.0294595971266825
fips40015,79473861.2020398,3664765.44201063,83138626.64405042,0.9559198222301536,0.0440801777698463
fips40025,182177496.560224,3046336.27367133,185223832.83389533,0.9835532165215304,0.0164467834784696
fips40039,18562045.664312,194690.664106815,18756736.328418817,0.9896202270641384,0.0103797729358616
fips40045,15772295.3995144,114523.920062832,15886819.319577232,0.9927912618782222,0.0072087381217777
fips40051,13173064.6649956,20797543.8834103,33970608.5484059,0.3877782950583543,0.6122217049416456
fips40057,38035863.3663872,206143.056113098,38242006.42250031,0.9946095125387612,0.0053904874612387
fips40059,13281932.9680121,9379509.05314595,22661442.02115805,0.586102727073207,0.413897272926793
fips40065,14846914.823874202,64797633.971550405,79644548.79542461,0.1864147019278125,0.8135852980721874
fips40073,14697220.9072265,641333.95235186,15338554.85957836,0.958188111055888,0.041811888944112
fips40093,25692919.5118923,435190.896238762,26128110.408131063,0.9833439583099997,0.0166560416900003
fips40101,2231800.2118381,9230627.95706427,11462428.16890237,0.1947057097285011,0.8052942902714988
fips40139,440821367.451657,240500.232131947,441061867.68378896,0.9994547244961464,0.0005452755038537
fips40141,21392621.5427409,744405.480408409,22137027.023149308,0.9663728340924026,0.0336271659075974
fips40149,9389891.13517252,2313383.18526921,11703274.32044173,0.8023302605811351,0.1976697394188649
fips41001,65449958.946789,238836999.137934,304286958.084723,0.2150928825827812,0.7849071174172187
fips41003,25035956.430564,67779480.0821868,92815436.5127508,0.2697391443838612,0.7302608556161387
fips41005,75909240.965518,51261498.8179418,127170739.7834598,0.5969080709506966,0.4030919290493034
fips41011,1809994.642607,19247746.1004599,21057740.7430669,0.0859538857796474,0.9140461142203526
fips41013,17270941.24625,149405256.695302,166676197.941552,0.103619721709193,0.8963802782908069
fips41017,9713177.356891,70532476.95956099,80245654.316452,0.1210430326679958,0.8789569673320041
fips41019,1796177.88961,85110582.78700651,86906760.67661652,0.0206678729666803,0.9793321270333196
fips41021,27481521.711033,7399405.10922931,34880926.82026231,0.7878667287897007,0.2121332712102993
fips41023,1851444.901598,42131306.6423465,43982751.5439445,0.0420947948140116,0.9579052051859884
fips41025,205330766.288417,313202762.88877505,518533529.1771921,0.3959835858912257,0.6040164141087743
fips41027,649387.3908589999,56976580.9431236,57625968.3339826,0.0112690061379159,0.988730993862084
fips41029,5457617.433815,382503941.666894,387961559.100709,0.0140674180361211,0.9859325819638788
fips41031,4794413.289959,144247743.55794302,149042156.84790203,0.0321681690023562,0.9678318309976436
fips41033,5927387.035713,39924262.7322152,45851649.767928205,0.129273146456314,0.870726853543686
fips41035,198228955.247959,595344286.747599,793573241.995558,0.2497928921462659,0.7502071078537341
fips41037,122416431.55342,275206759.57278,397623191.1262,0.3078704519389231,0.6921295480610768
fips41039,40676520.823168,53561470.8927101,94237991.7158781,0.4316361170535687,0.5683638829464313
fips41043,60531194.879857,58463431.577317305,118994626.4571743,0.5086884734382686,0.4913115265617314
fips41045,83176853.04194,695544080.267555,778720933.309495,0.1068121447415645,0.8931878552584355
fips41047,224052466.599352,171313071.508499,395365538.107851,0.5666970056915612,0.4333029943084387
fips41049,123148719.462261,136011984.966979,259160704.42924,0.4751828396726901,0.5248171603273099
fips41051,15074077.519727,18132608.1248147,33206685.6445417,0.4539470659940667,0.5460529340059332
fips41053,16566286.843403,61158348.3517932,77724635.1951962,0.2131407474837127,0.7868592525162874
fips41059,156184575.878088,208170704.80769,364355280.685778,0.42866011323926,0.5713398867607399
fips41061,84475627.823658,138613973.57681802,223089601.40047604,0.3786623280213443,0.6213376719786556
fips41063,11979124.848399,145525505.82170302,157504630.67010203,0.0760556994256862,0.9239443005743136
fips41065,33077306.674818,28947123.2844575,62024429.9592755,0.5332948113595911,0.4667051886404089
fips41067,16745904.632364,156200628.73439,172946533.366754,0.0968270615569511,0.9031729384430488
fips41069,2113963.208541,27773905.2059141,29887868.414455097,0.0707298084703355,0.9292701915296644
fips41071,20835663.519476,113105192.383934,133940855.90341,0.1555586858016004,0.8444413141983995
fips45017,15129344.531715,197472.34985384296,15326816.881568843,0.9871158929228604,0.0128841070771395
fips45075,19329637.442803,6365579.277641539,25695216.720444538,0.7522659821515835,0.2477340178484166
fips45085,12448894.450297,2241891.9718701,14690786.4221671,0.8473946930106285,0.1526053069893714
fips46007,11703342.574273,0.0,11703342.574273,1.0,0.0
fips46027,11853036.4909207,160333.488087965,12013369.979008663,0.9866537459207432,0.0133462540792567
fips46065,2327059.97697754,17739755.217732698,20066815.19471024,0.1159655856895004,0.8840344143104996
fips46115,17418928.482638903,2954717.13762107,20373645.62025997,0.8549735676818272,0.1450264323181727
fips46119,2109323.37094455,11681439.8464089,13790763.21735345,0.1529518952432093,0.8470481047567906
fips46121,17010672.346327,343571.76018849603,17354244.106515497,0.980202435895234,0.0197975641047658
fips46125,21229319.0882161,0.0,21229319.0882161,1.0,0.0
fips46135,12302118.2408637,561167.2083078771,12863285.449171577,0.9563745039690448,0.0436254960309551
fips48003,17759141.9295654,0.0,17759141.9295654,1.0,0.0
fips48013,26659125.701163694,0.0,26659125.701163694,1.0,0.0
fips48017,66763486.8248643,0.0,66763486.8248643,1.0,0.0
fips48039,4436383.3479220895,50218738.9475519,54655122.29547399,0.0811704953094482,0.9188295046905518
fips48041,21025191.0200602,1007810.49655292,22033001.51661312,0.9542590465582722,0.0457409534417278
fips48045,20113418.9822971,0.0,20113418.9822971,1.0,0.0
fips48051,10097535.1047797,4443528.09843788,14541063.20321758,0.6944151857166375,0.3055848142833625
fips48061,721252.507484266,190842660.392703,191563912.90018725,0.0037650750423962,0.9962349249576038
fips48065,95749672.5030055,125976.312069115,95875648.81507462,0.9986860447504028,0.0013139552495973
fips48069,299238139.378708,0.0,299238139.378708,1.0,0.0
fips48071,68042.6893853081,87633703.63207911,87701746.32146442,0.0007758418986995,0.9992241581013004
fips48075,14016794.0133735,0.0,14016794.0133735,1.0,0.0
fips48079,90551211.033968,0.0,90551211.033968,1.0,0.0
fips48087,45724687.26692701,45809.5680251328,45770496.83495214,0.9989991463673572,0.0010008536326429
fips48089,26346129.3299913,48329094.2665151,74675223.5965064,0.3528095138000213,0.6471904861999787
fips48093,21964180.1335774,3172312.5857404503,25136492.71931785,0.8737965307585465,0.1262034692414535
fips48107,45493342.123017,355024.15219477896,45848366.275211774,0.9922565582803172,0.0077434417196829
fips48109,55495617.462657295,0.0,55495617.462657295,1.0,0.0
fips48111,352937429.84159297,194690.664106815,353132120.5056997,0.9994486747231376,0.0005513252768624
fips48115,64831074.446321495,572619.60031416,65403694.04663566,0.991244843144397,0.0087551568556029
fips48117,132778504.06649,0.0,132778504.06649,1.0,0.0
fips48129,31217985.8899793,0.0,31217985.8899793,1.0,0.0
fips48141,36049016.8363362,116848755.640108,152897772.47644418,0.2357720210861149,0.7642279789138852
fips48147,612384.204467773,11463844.3982895,12076228.602757271,0.0507098883775644,0.9492901116224356
fips48153,99886668.01763228,0.0,99886668.01763228,1.0,0.0
fips48157,14493092.8390706,12998464.9271314,27491557.766202003,0.527183397984393,0.472816602015607
fips48163,70233663.983515,0.0,70233663.983515,1.0,0.0
fips48165,379188299.40644497,0.0,379188299.40644497,1.0,0.0
fips48173,30700861.450651,0.0,30700861.450651,1.0,0.0
fips48179,34184647.1471788,0.0,34184647.1471788,1.0,0.0
fips48189,248192513.80185,125976.312069115,248318490.11391917,0.9994926825142528,0.0005073174857471
fips48191,33422569.026063297,0.0,33422569.026063297,1.0,0.0
fips48195,177673070.52291602,0.0,177673070.52291602,1.0,0.0
fips48197,14955783.1268907,0.0,14955783.1268907,1.0,0.0
fips48205,402268379.64594096,0.0,402268379.64594096,1.0,0.0
fips48207,47711533.796978,11452.392006283198,47722986.18898428,0.9997600235668208,0.000239976433179
fips48215,149693.91664767798,255491413.268172,255641107.18481967,0.0005855627770359,0.999414437222964
fips48219,138820694.883906,0.0,138820694.883906,1.0,0.0
fips48229,101601343.790142,8051031.5804171,109652375.3705591,0.9265767699677324,0.0734232300322674
fips48233,60176954.4923665,1969811.4250807096,62146765.91744721,0.9683038787939936,0.0316961212060063
fips48239,47425754.5015597,503905.248276461,47929659.74983616,0.9894865673800618,0.010513432619938
fips48245,272170.75754123204,66767445.3966311,67039616.15417233,0.0040598495808107,0.9959401504191892
fips48275,35191678.9500813,0.0,35191678.9500813,1.0,0.0
fips48279,205910786.617819,0.0,205910786.617819,1.0,0.0
fips48291,870946.424131943,13742870.4075399,14613816.831671843,0.0595974641097445,0.9404025358902556
fips48295,42662766.24458821,0.0,42662766.24458821,1.0,0.0
fips48303,204114459.618047,103071.528056549,204217531.1461036,0.99949528560316,0.0005047143968399
fips48305,79677989.27019571,0.0,79677989.27019571,1.0,0.0
fips48317,43111847.9945312,0.0,43111847.9945312,1.0,0.0
fips48321,43669798.0474907,7466959.58809665,51136757.63558735,0.8539805820050623,0.1460194179949376
fips48323,68042.6893853081,33979247.0826423,34047289.77202761,0.0019984759386402,0.9980015240613598
fips48325,27802242.882836897,15392014.8564446,43194257.7392815,0.6436559935964156,0.3563440064035844
fips48335,16085291.770686802,0.0,16085291.770686802,1.0,0.0
fips48341,182327190.476872,0.0,182327190.476872,1.0,0.0
fips48353,12846459.7559462,286309.80015708,13132769.55610328,0.9781988255459778,0.0218011744540222
fips48357,91490200.1474852,0.0,91490200.1474852,1.0,0.0
fips48369,176788515.560907,0.0,176788515.560907,1.0,0.0
fips48371,184518165.075078,3034883.88166505,187553048.95674303,0.9838185308180992,0.0161814691819006
fips48383,24468151.1029568,0.0,24468151.1029568,1.0,0.0
fips48389,45017043.2973198,12471654.8948424,57488698.1921622,0.7830590135620301,0.2169409864379698
fips48395,54366108.8188612,1431549.0007854,55797657.8196466,0.9743439230834284,0.0256560769165716
fips48421,299986608.961946,0.0,299986608.961946,1.0,0.0
fips48437,87271553.4055961,0.0,87271553.4055961,1.0,0.0
fips48445,107779619.986328,847477.008464957,108627096.99479295,0.9921982909245416,0.0078017090754582
fips48451,58298976.265332,2576788.20141372,60875764.46674572,0.9576713619289112,0.0423286380710886
fips48463,44037228.5701714,366476.544201063,44403705.11437246,0.9917467125038978,0.0082532874961022
fips48481,134656482.293525,30967267.9849898,165623750.2785148,0.8130264051326281,0.1869735948673719
fips48483,17636665.0886719,698595.912383276,18335261.001055177,0.9618987745883152,0.0381012254116847
fips48487,24032677.8908908,80166.7440439825,24112844.634934783,0.9966753510314648,0.003324648968535
fips48489,27217.0757541232,39109918.7014572,39137135.77721132,0.0006954284010219,0.999304571598978
fips48493,11608082.8091336,939096.144515223,12547178.953648822,0.9251547979044225,0.0748452020955775
fips48501,113862636.417375,0.0,113862636.417375,1.0,0.0
fips48507,37899777.9876166,2473716.67335717,40373494.66097377,0.9387291911654024,0.0612708088345975
fips49001,69221932.51496999,40052038.958591305,109273971.47356129,0.6334713709176221,0.366528629082378
fips49003,52365493.85863,431767484.945139,484132978.803769,0.1081634512650191,0.8918365487349809
fips49005,17270941.24625,127056033.100079,144326974.346329,0.1196653731880113,0.8803346268119887
fips49007,124350.776973,43246444.6179917,43370795.3949647,0.002867154633448,0.997132845366552
fips49009,124350.776973,22488615.8421789,22612966.6191519,0.0054990916966941,0.9945009083033056
fips49011,2224497.2325170003,44768143.3139242,46992640.5464412,0.0473371405958472,0.9526628594041529
fips49013,124350.776973,356054262.807059,356178613.584032,0.0003491247711975,0.9996508752288024
fips49015,124350.776973,147012356.455897,147136707.23287,0.000845137690734,0.999154862309266
fips49017,1229691.016733,61309356.6193285,62539047.6360615,0.0196627717116678,0.980337228288332
fips49019,621753.884865,21106309.393202,21728063.278067,0.0286152464169514,0.9713847535830484
fips49021,184633270.298911,32466777.5200878,217100047.8189988,0.8504524626030664,0.1495475373969336
fips49023,43287887.139601,34406652.956887305,77694540.0964883,0.5571548153299071,0.442845184670093
fips49025,1229691.016733,13904376.6338265,15134067.6505595,0.0812531729820527,0.9187468270179472
fips49027,229123214.949251,152727438.58107802,381850653.530329,0.6000335807492669,0.3999664192507332
fips49029,124350.776973,40040422.9380116,40164773.7149846,0.0030960158733972,0.9969039841266027
fips49031,1851444.901598,41492425.5104664,43343870.4120644,0.0427152647882286,0.9572847352117714
fips49033,1229691.016733,134931695.05307302,136161386.069806,0.0090311288113839,0.990968871188616
fips49035,746104.661838,22279527.4717454,23025632.1335834,0.03240322165791,0.96759677834209
fips49037,1229691.016733,15240219.0004848,16469910.0172178,0.0746628861631587,0.9253371138368413
fips49039,10113863.193804,219972581.716602,230086444.910406,0.0439567971843898,0.9560432028156102
fips49041,30479757.111382,51505435.2501142,81985192.36149621,0.3717714898684144,0.6282285101315854
fips49043,124350.776973,51087258.509247206,51211609.28622021,0.0024281755388315,0.9975718244611684
fips49045,27025568.862132,73692034.5572225,100717603.4193545,0.2683301423446957,0.7316698576553043
fips49047,1229691.016733,224049804.94005495,225279495.956788,0.0054585128198656,0.9945414871801344
fips49049,40110033.950291,236002690.116502,276112724.06679296,0.1452668799884361,0.8547331200115639
fips49051,621753.884865,35812191.4470235,36433945.3318885,0.0170652362570466,0.9829347637429532
fips49053,7599214.148349999,44291886.4701591,51891100.6185091,0.1464454223898158,0.8535545776101842
fips49055,1229691.016733,53387230.5840155,54616921.6007485,0.0225148357082825,0.9774851642917176
fips49057,2169230.220529,86063096.4745368,88232326.69506581,0.0245854359936119,0.975414564006388
fips51001,1478392.570679,11116531.6947134,12594924.2653924,0.1173800286152764,0.8826199713847236
fips53001,103625647.4775,93160485.04869547,196786132.5261955,0.5265901928516519,0.4734098071483481
fips53005,58030362.5874,237989029.63562,296019392.22302,0.1960356791209142,0.8039643208790858
fips53007,1851444.901598,28099153.7821439,29950598.683741897,0.0618166241399047,0.9381833758600951
fips53017,5112198.60889,19387138.3474156,24499336.9563056,0.2086668148614622,0.7913331851385378
fips53021,124944897.351871,315038094.140358,439982991.492229,0.2839766531158689,0.716023346884131
fips53025,286656174.42875904,723004352.917818,1009660527.3465768,0.2839134210605434,0.7160865789394566
fips53037,27813123.782961,142482108.429838,170295232.212799,0.1633229739996833,0.8366770260003167
fips53039,23129244.516978,7050924.491840171,30180169.00881817,0.7663722661798215,0.2336277338201784
fips53043,16897888.915331,3577734.33852845,20475623.25385945,0.8252685989495298,0.1747314010504702
fips53047,28559228.444799,32048600.7792208,60607829.2240198,0.4712135182937809,0.5287864817062192
fips53057,19025668.876869,4507015.98489948,23532684.86176848,0.8084784625564914,0.1915215374435085
fips53071,60241043.06692,67140598.9503067,127381642.0172267,0.472917777734198,0.5270822222658019
fips53073,36144625.840152,3833286.79128049,39977912.631432496,0.9041148839705406,0.0958851160294592
fips53077,120758421.19378,366276360.91714,487034782.11092,0.2479461952807259,0.752053804719274
fips55001,73567755.7633951,14819395.2561305,88387151.0195256,0.8323354120458442,0.1676645879541557
fips55033,12193249.9378472,45809.5680251328,12239059.505872332,0.9962571006372546,0.0037428993627454
fips55053,3456568.6207736502,17304564.321493898,20761132.94226755,0.1664922926116632,0.8335077073883367
fips55057,13281932.9680121,13090084.0631817,26372017.0311938,0.5036373574422365,0.4963626425577635
fips55067,23556379.0651937,206143.056113098,23762522.1213068,0.9913248663142428,0.0086751336857571
fips55081,4313906.507028529,27772050.6152368,32085957.12226533,0.1344484283448409,0.865551571655159
fips55085,449081.749943033,13949013.4636529,14398095.213595934,0.0311903583967809,0.9688096416032193
fips55097,61864413.1891221,16262396.6489222,78126809.8380443,0.7918461449707994,0.2081538550292006
fips55137,64518078.075149104,526810.0322890279,65044888.10743813,0.9919008234525843,0.0080991765474154
fips55141,5606717.60534938,73753404.5204639,79360122.12581328,0.0706490546531769,0.929350945346823
fips56001,0.0,605888799.092413,605888799.092413,0.0,1.0
fips56003,4395557.734290901,668499026.190764,672894583.9250549,0.0065323125483507,0.9934676874516492
fips56007,4150604.05250379,1023191059.01736,1027341663.069864,0.0040401399083739,0.995959860091626
fips56009,5062376.090266921,192342923.745527,197405299.8357939,0.0256445804366849,0.9743554195633152
fips56011,2041280.68155924,32112507.185618103,34153787.867177345,0.0597673291611956,0.9402326708388042
fips56013,0.0,1113538979.55493,1113538979.55493,0.0,1.0
fips56015,218294556.085945,580143821.862289,798438377.948234,0.2734018831195235,0.7265981168804765
fips56017,2735316.11328938,69149542.93393801,71884859.0472274,0.0380513525315854,0.9619486474684144
fips56019,911772.037763128,257014581.405008,257926353.4427711,0.0035350092210156,0.9964649907789844
fips56021,164336703.403396,57456650.6955229,221793354.0989189,0.740945120159473,0.259054879840527
fips56023,11322303.5137153,540976641.2008001,552298944.7145153,0.020500317123669,0.979499682876331
fips56025,0.0,146052355.25613,146052355.25613,0.0,1.0
fips56027,52665041.5842285,4603861.58652585,57268903.17075435,0.9196097474959688,0.0803902525040311
fips56029,0.0,699683889.623873,699683889.623873,0.0,1.0
fips56031,89122314.5568765,355780010.067194,444902324.62407047,0.2003188332004834,0.7996811667995166
fips56033,0.0,332394225.59036404,332394225.59036404,0.0,1.0
fips56035,93027964.9275932,667285072.638097,760313037.5656903,0.1223548200954737,0.8776451799045262
fips56037,16098900.3085639,115485920.99136,131584821.2999239,0.1223461805816444,0.8776538194183555
fips56039,0.0,117501541.984466,117501541.984466,0.0,1.0
fips56041,54719930.8036648,392565093.191376,447285023.9950408,0.1223379453103967,0.8776620546896032
fips56043,10832396.150141,294818927.417749,305651323.56789,0.0354403704969887,0.9645596295030112
fips56045,530732.977205403,25619000.9180555,26149733.895260904,0.0202959226786467,0.9797040773213532
