{
  "capacity_addition_max": {
    "default_value": "inf",
    "unit": "GW"
  },
  "capacity_addition_max_energy": {
    "default_value": "inf",
    "unit": "MWh"
  },
  "capacity_addition_min": {
    "default_value": 0,
    "unit": "GW"
  },
  "capacity_addition_min_energy": {
    "default_value": 0,
    "unit": "MWh"
  },
  "capacity_addition_unbounded": {
    "default_value": 0,
    "unit": "GW"
  },
  "capacity_existing": {
    "default_value": 0,
    "unit": "GW"
  },
  "capacity_existing_energy": {
    "default_value": 0,
    "unit": "MWh"
  },
  "capacity_investment_existing": {
    "default_value": 0,
    "unit": "MW"
  },
  "capacity_investment_existing_energy": {
    "default_value": 0,
    "unit": "MWh"
  },
  "capacity_limit": {
    "default_value": "inf",
    "unit": "GW"
  },
  "capacity_limit_energy": {
    "default_value": "inf",
    "unit": "MWh"
  },
  "capex_specific_storage": {
    "default_value": 3384,
    "unit": "Dollar/kW"
  },
  "capex_specific_storage_energy": {
    "default_value": 537,
    "unit": "Dollar/kWh"
  },
  "carbon_intensity_technology": {
    "default_value": 0,
    "unit": "kilotons/kWh"
  },
  "construction_time": {
    "default_value": 0,
    "unit": "1"
  },
  "efficiency_charge": {
    "default_value": 0.92736185,
    "unit": "1"
  },
  "efficiency_discharge": {
    "default_value": 0.92736185,
    "unit": "1"
  },
  "initial_storage_level": {
    "default_value": "inf",
    "unit": "1"
  },
  "lifetime": {
    "default_value": 15,
    "unit": "1"
  },
  "max_diffusion_rate": {
    "default_value": "inf",
    "unit": "1"
  },
  "max_load": {
    "default_value": 1,
    "unit": "1"
  },
  "max_load_energy": {
    "default_value": 1,
    "unit": "1"
  },
  "min_load": {
    "default_value": 0,
    "unit": "1"
  },
  "min_load_energy": {
    "default_value": 0,
    "unit": "1"
  },
  "opex_specific_fixed": {
    "default_value": 5.94,
    "unit": "Dollar/kW"
  },
  "opex_specific_fixed_energy": {
    "default_value": 0.5123,
    "unit": "Dollar/kWh"
  },
  "opex_specific_variable": {
    "default_value": 0.1,
    "unit": "Dollar/MWh"
  },
  "reference_carrier": {
    "default_value": [
      "electricity"
    ]
  },
  "self_discharge": {
    "default_value": 0.001,
    "unit": "1"
  },
  "energy_to_power_ratio": {
    "default_value": 1,
    "unit": "h"
    }
}