node,capacity_existing,unit,year_construction
fips01003,11045.955405128962,watervolumen/hour,2022
fips01083,2560.7040769895084,watervolumen/hour,2022
fips01097,1771.427072394691,watervolumen/hour,2022
fips04003,9696.770556335681,watervolumen/hour,2022
fips04009,11370.308191550577,watervolumen/hour,2022
fips04012,21001.41790619597,watervolumen/hour,2022
fips04013,43375.64376309575,watervolumen/hour,2022
fips04015,4964.068787602236,watervolumen/hour,2022
fips04019,3672.4060479432774,watervolumen/hour,2022
fips04021,34150.24422729534,watervolumen/hour,2022
fips04025,1491.3155204959364,watervolumen/hour,2022
fips04027,32832.443118497955,watervolumen/hour,2022
fips05001,852554.4800022972,watervolumen/hour,2022
fips05003,77865.79939269279,watervolumen/hour,2022
fips05017,137373.49603412556,watervolumen/hour,2022
fips05021,473391.3742433624,watervolumen/hour,2022
fips05031,279282.158691841,watervolumen/hour,2022
fips05035,148901.85625301112,watervolumen/hour,2022
fips05037,342375.0083406721,watervolumen/hour,2022
fips05041,306038.34666477464,watervolumen/hour,2022
fips05043,24340.85565908377,watervolumen/hour,2022
fips05055,221913.41003699336,watervolumen/hour,2022
fips05063,51200.51282185991,watervolumen/hour,2022
fips05067,366106.5561211876,watervolumen/hour,2022
fips05069,185195.4007784275,watervolumen/hour,2022
fips05073,6384.455379005355,watervolumen/hour,2022
fips05075,160155.8421179505,watervolumen/hour,2022
fips05077,184698.77594837925,watervolumen/hour,2022
fips05079,132786.2608803532,watervolumen/hour,2022
fips05081,16225.679916668663,watervolumen/hour,2022
fips05085,461865.1608799617,watervolumen/hour,2022
fips05093,19720.690371390006,watervolumen/hour,2022
fips05095,169487.90082189333,watervolumen/hour,2022
fips05107,134519.23405361708,watervolumen/hour,2022
fips05111,535716.600326637,watervolumen/hour,2022
fips05117,278401.2640701701,watervolumen/hour,2022
fips05119,26771.021332763492,watervolumen/hour,2022
fips05121,102052.45279599467,watervolumen/hour,2022
fips05123,202294.38999255514,watervolumen/hour,2022
fips05145,76892.33618400623,watervolumen/hour,2022
fips05147,315793.7379345168,watervolumen/hour,2022
fips06001,581.3555653614457,watervolumen/hour,2022
fips06005,1694.7258526293,watervolumen/hour,2022
fips06007,72285.78013163508,watervolumen/hour,2022
fips06009,678.6583358880525,watervolumen/hour,2022
fips06011,57958.07580185411,watervolumen/hour,2022
fips06013,6331.827403963733,watervolumen/hour,2022
fips06015,1384.8964752267943,watervolumen/hour,2022
fips06017,1887.6551267310858,watervolumen/hour,2022
fips06019,100199.38607022142,watervolumen/hour,2022
fips06021,58700.50486756383,watervolumen/hour,2022
fips06023,4816.655454763723,watervolumen/hour,2022
fips06025,77877.06482875352,watervolumen/hour,2022
fips06027,1487.4776567218173,watervolumen/hour,2022
fips06029,98967.1541489231,watervolumen/hour,2022
fips06031,37660.07734498668,watervolumen/hour,2022
fips06033,3229.3656293876147,watervolumen/hour,2022
fips06035,7472.029232897406,watervolumen/hour,2022
fips06037,1161.1537629879015,watervolumen/hour,2022
fips06039,51535.998753578795,watervolumen/hour,2022
fips06041,2676.182330631467,watervolumen/hour,2022
fips06043,1876.053394074493,watervolumen/hour,2022
fips06045,4659.322194427533,watervolumen/hour,2022
fips06047,69933.06284078088,watervolumen/hour,2022
fips06049,15596.72966753344,watervolumen/hour,2022
fips06051,5437.230400055038,watervolumen/hour,2022
fips06053,10657.189683140768,watervolumen/hour,2022
fips06055,6407.574276108825,watervolumen/hour,2022
fips06057,4118.624858931481,watervolumen/hour,2022
fips06061,11260.322015689178,watervolumen/hour,2022
fips06063,9183.66064126725,watervolumen/hour,2022
fips06065,35881.413667212146,watervolumen/hour,2022
fips06067,35886.89504520324,watervolumen/hour,2022
fips06069,1065.493218857586,watervolumen/hour,2022
fips06071,1529.7958596381995,watervolumen/hour,2022
fips06073,5508.363206828332,watervolumen/hour,2022
fips06077,91915.02258785245,watervolumen/hour,2022
fips06079,4808.759619860829,watervolumen/hour,2022
fips06081,1712.0914014791929,watervolumen/hour,2022
fips06083,3143.897367938899,watervolumen/hour,2022
fips06087,2122.7229112626487,watervolumen/hour,2022
fips06089,13916.839745385088,watervolumen/hour,2022
fips06091,1884.0103129309005,watervolumen/hour,2022
fips06093,18092.817761661387,watervolumen/hour,2022
fips06095,31125.98367601017,watervolumen/hour,2022
fips06097,13361.56445612715,watervolumen/hour,2022
fips06099,78631.50029625815,watervolumen/hour,2022
fips06101,55608.27623872161,watervolumen/hour,2022
fips06103,17509.852973280205,watervolumen/hour,2022
fips06105,953.7000740160112,watervolumen/hour,2022
fips06107,96518.05640936663,watervolumen/hour,2022
fips06111,4533.126877193362,watervolumen/hour,2022
fips06113,43216.196201456034,watervolumen/hour,2022
fips06115,27689.14780849986,watervolumen/hour,2022
fips08001,2108.5637628328072,watervolumen/hour,2022
fips08003,5296.957028877954,watervolumen/hour,2022
fips08007,1858.909024758752,watervolumen/hour,2022
fips08009,5115.358367632838,watervolumen/hour,2022
fips08011,5337.655327844725,watervolumen/hour,2022
fips08013,3996.208352902851,watervolumen/hour,2022
fips08015,4029.5088611509036,watervolumen/hour,2022
fips08017,1191.2447659330642,watervolumen/hour,2022
fips08021,10165.244274155399,watervolumen/hour,2022
fips08023,3492.8647728770657,watervolumen/hour,2022
fips08025,459.6710502489458,watervolumen/hour,2022
fips08027,1138.8761300462897,watervolumen/hour,2022
fips08029,13824.656823109457,watervolumen/hour,2022
fips08037,5066.802122303348,watervolumen/hour,2022
fips08039,476.12044885542315,watervolumen/hour,2022
fips08043,3326.322089618521,watervolumen/hour,2022
fips08045,9599.827093516873,watervolumen/hour,2022
fips08049,6397.4225311699065,watervolumen/hour,2022
fips08051,22164.933126673277,watervolumen/hour,2022
fips08053,823.807131176266,watervolumen/hour,2022
fips08055,1390.7068256583718,watervolumen/hour,2022
fips08057,11199.542158329225,watervolumen/hour,2022
fips08059,872.1907861711256,watervolumen/hour,2022
fips08063,3797.747944099802,watervolumen/hour,2022
fips08065,665.4479468147343,watervolumen/hour,2022
fips08067,13294.887445093917,watervolumen/hour,2022
fips08069,4509.339168777527,watervolumen/hour,2022
fips08071,693.7706473259739,watervolumen/hour,2022
fips08075,3871.6368881555336,watervolumen/hour,2022
fips08077,31547.49698965654,watervolumen/hour,2022
fips08081,5237.160512110921,watervolumen/hour,2022
fips08083,5753.10245451876,watervolumen/hour,2022
fips08085,28535.002225298085,watervolumen/hour,2022
fips08087,4846.519994775805,watervolumen/hour,2022
fips08089,12414.071267234918,watervolumen/hour,2022
fips08091,3685.2519634950104,watervolumen/hour,2022
fips08093,1372.692087597707,watervolumen/hour,2022
fips08095,2500.210366111616,watervolumen/hour,2022
fips08097,5135.225156837243,watervolumen/hour,2022
fips08099,3847.77932234251,watervolumen/hour,2022
fips08101,9584.372975757675,watervolumen/hour,2022
fips08103,5099.434663677679,watervolumen/hour,2022
fips08105,19578.818812184574,watervolumen/hour,2022
fips08107,6407.592454275474,watervolumen/hour,2022
fips08109,13063.856967706964,watervolumen/hour,2022
fips08113,1846.6021208875168,watervolumen/hour,2022
fips08115,1955.56733278954,watervolumen/hour,2022
fips08117,2089.1857917026605,watervolumen/hour,2022
fips08121,1711.702529597387,watervolumen/hour,2022
fips08123,13553.782976743265,watervolumen/hour,2022
fips08125,11100.240720769758,watervolumen/hour,2022
fips10001,8949.052789787955,watervolumen/hour,2022
fips10005,30074.754918082737,watervolumen/hour,2022
fips12001,5233.801840248631,watervolumen/hour,2022
fips12009,10205.095930657359,watervolumen/hour,2022
fips12011,13144.663139993176,watervolumen/hour,2022
fips12015,4923.973411914683,watervolumen/hour,2022
fips12021,42208.210548211784,watervolumen/hour,2022
fips12027,19476.49741766893,watervolumen/hour,2022
fips12035,3606.4501822489315,watervolumen/hour,2022
fips12041,2612.3901056987,watervolumen/hour,2022
fips12043,36707.81817548652,watervolumen/hour,2022
fips12047,3793.562885324008,watervolumen/hour,2022
fips12049,14843.608218868194,watervolumen/hour,2022
fips12051,119283.49174203814,watervolumen/hour,2022
fips12055,29336.09340102065,watervolumen/hour,2022
fips12057,24712.906176770714,watervolumen/hour,2022
fips12061,14293.686898029833,watervolumen/hour,2022
fips12063,10823.648350810374,watervolumen/hour,2022
fips12069,11438.575772310674,watervolumen/hour,2022
fips12071,18610.4087069823,watervolumen/hour,2022
fips12075,7884.57884896749,watervolumen/hour,2022
fips12079,2566.1696823068037,watervolumen/hour,2022
fips12081,27089.009692493728,watervolumen/hour,2022
fips12083,3574.347356934975,watervolumen/hour,2022
fips12085,29605.574532351708,watervolumen/hour,2022
fips12086,11821.05485144991,watervolumen/hour,2022
fips12093,4522.043150501367,watervolumen/hour,2022
fips12095,2842.437284069751,watervolumen/hour,2022
fips12097,4241.450368242596,watervolumen/hour,2022
fips12099,186194.4953066225,watervolumen/hour,2022
fips12101,3163.649959298445,watervolumen/hour,2022
fips12105,36521.18044816553,watervolumen/hour,2022
fips12107,7646.607371776112,watervolumen/hour,2022
fips12109,10908.027798616784,watervolumen/hour,2022
fips12111,14101.856828434047,watervolumen/hour,2022
fips12121,5151.844516670596,watervolumen/hour,2022
fips12127,6168.309071028526,watervolumen/hour,2022
fips13007,3736.8250009189173,watervolumen/hour,2022
fips13027,701.0654074642624,watervolumen/hour,2022
fips13033,1860.8512230026452,watervolumen/hour,2022
fips13037,1497.1434357830244,watervolumen/hour,2022
fips13069,865.0900705925371,watervolumen/hour,2022
fips13071,1764.9928608201305,watervolumen/hour,2022
fips13081,1721.1345105641362,watervolumen/hour,2022
fips13087,7346.497417782308,watervolumen/hour,2022
fips13093,1468.9520162840593,watervolumen/hour,2022
fips13095,1200.5666422377392,watervolumen/hour,2022
fips13099,1820.8811456716555,watervolumen/hour,2022
fips13155,1616.3381855046591,watervolumen/hour,2022
fips13163,1639.2544502509168,watervolumen/hour,2022
fips13177,3258.1691171651573,watervolumen/hour,2022
fips13193,1062.4393954117322,watervolumen/hour,2022
fips13201,5669.31310852455,watervolumen/hour,2022
fips13205,9188.141176338268,watervolumen/hour,2022
fips13235,873.5373523614691,watervolumen/hour,2022
fips13243,1859.2530329063798,watervolumen/hour,2022
fips13251,1235.5658168181685,watervolumen/hour,2022
fips13253,5035.342152635584,watervolumen/hour,2022
fips13261,1661.1157825197706,watervolumen/hour,2022
fips13273,1216.43776046766,watervolumen/hour,2022
fips13277,1059.6582603338675,watervolumen/hour,2022
fips13287,1525.1663864262098,watervolumen/hour,2022
fips13315,744.2275140131642,watervolumen/hour,2022
fips13321,2159.929797008642,watervolumen/hour,2022
fips16001,1704.5749367545661,watervolumen/hour,2022
fips16003,303.6608811552075,watervolumen/hour,2022
fips16005,1838.606004173584,watervolumen/hour,2022
fips16007,1924.2827255939683,watervolumen/hour,2022
fips16011,6925.195140851312,watervolumen/hour,2022
fips16013,1768.8369742514287,watervolumen/hour,2022
fips16019,7110.240349677864,watervolumen/hour,2022
fips16021,1140.4805468335871,watervolumen/hour,2022
fips16023,1703.2124669255086,watervolumen/hour,2022
fips16025,2612.4232163905085,watervolumen/hour,2022
fips16027,6507.014151538383,watervolumen/hour,2022
fips16029,3756.2114099684513,watervolumen/hour,2022
fips16031,7936.7053593107175,watervolumen/hour,2022
fips16033,1262.3704608025814,watervolumen/hour,2022
fips16035,236.34579711718015,watervolumen/hour,2022
fips16037,627.4463698097433,watervolumen/hour,2022
fips16039,3357.922339620519,watervolumen/hour,2022
fips16041,2433.724091319123,watervolumen/hour,2022
fips16043,3405.7588253060826,watervolumen/hour,2022
fips16045,1342.3466058960719,watervolumen/hour,2022
fips16047,2915.4189134778535,watervolumen/hour,2022
fips16049,738.8142451515753,watervolumen/hour,2022
fips16051,4637.672287469225,watervolumen/hour,2022
fips16053,3934.342635795902,watervolumen/hour,2022
fips16055,720.1611727902282,watervolumen/hour,2022
fips16057,1453.912348436764,watervolumen/hour,2022
fips16059,660.1022215381158,watervolumen/hour,2022
fips16061,346.71248077709174,watervolumen/hour,2022
fips16063,1921.1330503275456,watervolumen/hour,2022
fips16065,3182.381927072787,watervolumen/hour,2022
fips16067,6762.887722895059,watervolumen/hour,2022
fips16069,988.8122786821046,watervolumen/hour,2022
fips16071,6539.856871770494,watervolumen/hour,2022
fips16073,6063.772993521984,watervolumen/hour,2022
fips16075,3052.444307945127,watervolumen/hour,2022
fips16077,4751.212205089178,watervolumen/hour,2022
fips16081,3725.269860096612,watervolumen/hour,2022
fips16083,10625.176986140656,watervolumen/hour,2022
fips16085,131.45602983765752,watervolumen/hour,2022
fips16087,3204.976715431521,watervolumen/hour,2022
fips17017,2119.5684006951,watervolumen/hour,2022
fips17101,2504.2531412880376,watervolumen/hour,2022
fips17125,15060.271293397114,watervolumen/hour,2022
fips17179,4849.972176123744,watervolumen/hour,2022
fips17193,2701.7158338939416,watervolumen/hour,2022
fips17195,3253.2177740364896,watervolumen/hour,2022
fips18073,3300.231496143864,watervolumen/hour,2022
fips18091,5086.168546751115,watervolumen/hour,2022
fips20009,4480.663524292641,watervolumen/hour,2022
fips20023,6325.453902238379,watervolumen/hour,2022
fips20027,1501.8460847140695,watervolumen/hour,2022
fips20029,1464.9630526664996,watervolumen/hour,2022
fips20039,1200.6741523801657,watervolumen/hour,2022
fips20047,12543.643588272365,watervolumen/hour,2022
fips20055,24585.297698912364,watervolumen/hour,2022
fips20057,8629.38874271414,watervolumen/hour,2022
fips20063,2074.340074440556,watervolumen/hour,2022
fips20065,1835.2260238210267,watervolumen/hour,2022
fips20067,13300.314562429568,watervolumen/hour,2022
fips20069,16638.367256773763,watervolumen/hour,2022
fips20071,2170.985143658083,watervolumen/hour,2022
fips20075,5643.9020467470145,watervolumen/hour,2022
fips20079,3261.270705669191,watervolumen/hour,2022
fips20081,17735.810910859844,watervolumen/hour,2022
fips20083,2109.1414396505684,watervolumen/hour,2022
fips20089,3564.1170288685253,watervolumen/hour,2022
fips20093,19915.325041074688,watervolumen/hour,2022
fips20095,2132.924909930211,watervolumen/hour,2022
fips20097,7946.970887839652,watervolumen/hour,2022
fips20101,1383.3275726067363,watervolumen/hour,2022
fips20113,3265.5861046939385,watervolumen/hour,2022
fips20119,15236.312521847325,watervolumen/hour,2022
fips20123,1543.1766192323357,watervolumen/hour,2022
fips20129,6184.634536049436,watervolumen/hour,2022
fips20137,1511.74523446386,watervolumen/hour,2022
fips20145,7520.847776736297,watervolumen/hour,2022
fips20147,2259.966716129577,watervolumen/hour,2022
fips20151,12520.573176672535,watervolumen/hour,2022
fips20153,2056.160137618592,watervolumen/hour,2022
fips20155,6747.585621809926,watervolumen/hour,2022
fips20157,2428.25920690936,watervolumen/hour,2022
fips20159,3043.126371707947,watervolumen/hour,2022
fips20165,1038.0135401174955,watervolumen/hour,2022
fips20171,4075.8063701409983,watervolumen/hour,2022
fips20173,2935.603657457291,watervolumen/hour,2022
fips20175,20351.116280913746,watervolumen/hour,2022
fips20179,7378.312069322015,watervolumen/hour,2022
fips20181,12970.352856317533,watervolumen/hour,2022
fips20185,12229.764105920398,watervolumen/hour,2022
fips20187,12762.079984567568,watervolumen/hour,2022
fips20189,27392.892366411983,watervolumen/hour,2022
fips20193,9816.03487393307,watervolumen/hour,2022
fips20199,5593.168617974893,watervolumen/hour,2022
fips20203,5074.985046412387,watervolumen/hour,2022
fips22001,56080.36062568482,watervolumen/hour,2022
fips22003,11678.61085647414,watervolumen/hour,2022
fips22009,16273.480229523697,watervolumen/hour,2022
fips22019,9828.29006408153,watervolumen/hour,2022
fips22023,9330.818951236814,watervolumen/hour,2022
fips22025,8326.000258321927,watervolumen/hour,2022
fips22029,11929.846610628527,watervolumen/hour,2022
fips22035,12163.086829347392,watervolumen/hour,2022
fips22039,33993.05866331429,watervolumen/hour,2022
fips22041,13370.703400135222,watervolumen/hour,2022
fips22053,62421.31516624828,watervolumen/hour,2022
fips22065,17343.787176723483,watervolumen/hour,2022
fips22067,42714.41537296698,watervolumen/hour,2022
fips22069,5673.784659003818,watervolumen/hour,2022
fips22073,8539.872048784537,watervolumen/hour,2022
fips22077,5599.332825465172,watervolumen/hour,2022
fips22079,7772.06810246914,watervolumen/hour,2022
fips22083,12338.292064577634,watervolumen/hour,2022
fips22097,17659.229245401762,watervolumen/hour,2022
fips22107,11956.392965750878,watervolumen/hour,2022
fips22113,44804.32777604128,watervolumen/hour,2022
fips22123,5856.002390766172,watervolumen/hour,2022
fips24011,6159.4051557909925,watervolumen/hour,2022
fips24019,6006.198442291583,watervolumen/hour,2022
fips24035,3654.4899901616445,watervolumen/hour,2022
fips25023,46674.99444235286,watervolumen/hour,2022
fips26005,3021.2024661122737,watervolumen/hour,2022
fips26009,2108.416022674808,watervolumen/hour,2022
fips26021,2172.8565219635625,watervolumen/hour,2022
fips26023,4266.085806783484,watervolumen/hour,2022
fips26027,6768.294886548225,watervolumen/hour,2022
fips26077,3400.8843744941105,watervolumen/hour,2022
fips26107,2216.313598093706,watervolumen/hour,2022
fips26117,7873.926539258378,watervolumen/hour,2022
fips26149,10646.007738563145,watervolumen/hour,2022
fips26159,3499.9407874480466,watervolumen/hour,2022
fips27037,1338.0014872448132,watervolumen/hour,2022
fips27057,763.1650131882898,watervolumen/hour,2022
fips27097,871.2469334651327,watervolumen/hour,2022
fips27111,3971.8210771823665,watervolumen/hour,2022
fips27121,1615.522104740099,watervolumen/hour,2022
fips27141,1269.1055951439746,watervolumen/hour,2022
fips27145,1284.8211170455243,watervolumen/hour,2022
fips27151,1332.1087972936589,watervolumen/hour,2022
fips27159,1071.334387114099,watervolumen/hour,2022
fips28011,175496.01248632104,watervolumen/hour,2022
fips28015,6227.434728860283,watervolumen/hour,2022
fips28027,65567.71179854045,watervolumen/hour,2022
fips28033,5671.985941997291,watervolumen/hour,2022
fips28051,21191.338212913633,watervolumen/hour,2022
fips28053,45748.89314644877,watervolumen/hour,2022
fips28055,17750.52417574015,watervolumen/hour,2022
fips28083,85619.96797249772,watervolumen/hour,2022
fips28103,7563.918844959138,watervolumen/hour,2022
fips28107,9881.10223561062,watervolumen/hour,2022
fips28119,42780.587857458115,watervolumen/hour,2022
fips28125,35152.70827900546,watervolumen/hour,2022
fips28133,128468.2524933177,watervolumen/hour,2022
fips28135,53248.08195250318,watervolumen/hour,2022
fips28143,52202.79357756199,watervolumen/hour,2022
fips28151,126107.79603994847,watervolumen/hour,2022
fips28163,19486.2070103397,watervolumen/hour,2022
fips29005,6771.926778725718,watervolumen/hour,2022
fips29007,7501.674262676813,watervolumen/hour,2022
fips29011,5642.009578600479,watervolumen/hour,2022
fips29023,68525.5919558466,watervolumen/hour,2022
fips29031,6162.651858232424,watervolumen/hour,2022
fips29069,81075.06035151125,watervolumen/hour,2022
fips29087,9674.518224604417,watervolumen/hour,2022
fips29133,40424.76404674136,watervolumen/hour,2022
fips29143,94726.72026731668,watervolumen/hour,2022
fips29155,61659.35183821445,watervolumen/hour,2022
fips29181,6686.47598751905,watervolumen/hour,2022
fips29201,34256.539072680825,watervolumen/hour,2022
fips29207,115458.63381835507,watervolumen/hour,2022
fips30001,102808.75948341742,watervolumen/hour,2022
fips30003,32872.366892688566,watervolumen/hour,2022
fips30005,35906.76004769554,watervolumen/hour,2022
fips30007,22470.72962011074,watervolumen/hour,2022
fips30009,59774.735331628006,watervolumen/hour,2022
fips30011,2674.401232015589,watervolumen/hour,2022
fips30013,13403.225772666876,watervolumen/hour,2022
fips30015,7660.55958996645,watervolumen/hour,2022
fips30017,14001.016085651396,watervolumen/hour,2022
fips30021,8118.035662242545,watervolumen/hour,2022
fips30023,7061.345163174232,watervolumen/hour,2022
fips30027,12740.095373484077,watervolumen/hour,2022
fips30029,8100.632251569592,watervolumen/hour,2022
fips30031,52926.18185960894,watervolumen/hour,2022
fips30035,7213.838688143525,watervolumen/hour,2022
fips30037,2375.421407527808,watervolumen/hour,2022
fips30039,13303.355578054196,watervolumen/hour,2022
fips30041,5398.969181865878,watervolumen/hour,2022
fips30043,8303.1387231058,watervolumen/hour,2022
fips30045,16249.714051616409,watervolumen/hour,2022
fips30047,24575.526853512143,watervolumen/hour,2022
fips30049,21027.220920153362,watervolumen/hour,2022
fips30051,4304.604296832857,watervolumen/hour,2022
fips30053,1374.5534113180606,watervolumen/hour,2022
fips30055,3274.8937191786476,watervolumen/hour,2022
fips30057,85356.21701482515,watervolumen/hour,2022
fips30059,24628.8978335283,watervolumen/hour,2022
fips30063,16970.606516161446,watervolumen/hour,2022
fips30065,6038.088806866393,watervolumen/hour,2022
fips30067,33805.80490130014,watervolumen/hour,2022
fips30069,5932.451551547698,watervolumen/hour,2022
fips30071,32987.83062757188,watervolumen/hour,2022
fips30073,13149.795217234341,watervolumen/hour,2022
fips30075,6316.389961751309,watervolumen/hour,2022
fips30077,18794.098201455043,watervolumen/hour,2022
fips30079,7906.463642719268,watervolumen/hour,2022
fips30081,47337.81335607494,watervolumen/hour,2022
fips30083,32057.063820628453,watervolumen/hour,2022
fips30085,11454.683088049931,watervolumen/hour,2022
fips30087,15680.876661881815,watervolumen/hour,2022
fips30089,7748.1553680219895,watervolumen/hour,2022
fips30091,1928.6250368456756,watervolumen/hour,2022
fips30093,1350.1966096415908,watervolumen/hour,2022
fips30095,11671.69047660524,watervolumen/hour,2022
fips30097,30740.21362989451,watervolumen/hour,2022
fips30099,32540.311303777307,watervolumen/hour,2022
fips30101,1956.2571864774313,watervolumen/hour,2022
fips30103,10806.498170038874,watervolumen/hour,2022
fips30105,24600.351106996226,watervolumen/hour,2022
fips30107,18546.72000402675,watervolumen/hour,2022
fips30111,38944.38814301,watervolumen/hour,2022
fips31001,50642.56302273762,watervolumen/hour,2022
fips31003,51713.56943536372,watervolumen/hour,2022
fips31005,2514.7197324449917,watervolumen/hour,2022
fips31007,4675.982305291941,watervolumen/hour,2022
fips31009,5155.641091784621,watervolumen/hour,2022
fips31011,32166.218933293116,watervolumen/hour,2022
fips31013,21324.5641146517,watervolumen/hour,2022
fips31015,3672.2843944620868,watervolumen/hour,2022
fips31017,18474.310261468418,watervolumen/hour,2022
fips31019,60823.792501384385,watervolumen/hour,2022
fips31021,10078.427606833362,watervolumen/hour,2022
fips31023,12257.204893947159,watervolumen/hour,2022
fips31027,20457.590061880604,watervolumen/hour,2022
fips31029,35973.453088706396,watervolumen/hour,2022
fips31031,15776.314261987385,watervolumen/hour,2022
fips31033,6930.0221830537275,watervolumen/hour,2022
fips31035,38161.27381663844,watervolumen/hour,2022
fips31037,9776.787182828128,watervolumen/hour,2022
fips31039,9891.542267980789,watervolumen/hour,2022
fips31041,54979.91235950628,watervolumen/hour,2022
fips31043,4448.24237911307,watervolumen/hour,2022
fips31045,3848.551709081615,watervolumen/hour,2022
fips31047,56262.54972241466,watervolumen/hour,2022
fips31049,3962.2704448242985,watervolumen/hour,2022
fips31051,5749.193846015175,watervolumen/hour,2022
fips31053,14519.161671958867,watervolumen/hour,2022
fips31055,3553.928398789205,watervolumen/hour,2022
fips31057,23458.558584105827,watervolumen/hour,2022
fips31059,28644.551204299525,watervolumen/hour,2022
fips31061,22968.299599893948,watervolumen/hour,2022
fips31063,11356.113122710896,watervolumen/hour,2022
fips31065,10811.149266352704,watervolumen/hour,2022
fips31067,17660.359133081503,watervolumen/hour,2022
fips31069,6623.790289978659,watervolumen/hour,2022
fips31071,5597.314615147238,watervolumen/hour,2022
fips31073,17373.21499240179,watervolumen/hour,2022
fips31077,26383.14055175598,watervolumen/hour,2022
fips31079,68995.16941138761,watervolumen/hour,2022
fips31081,62885.18183121648,watervolumen/hour,2022
fips31083,18434.075337297378,watervolumen/hour,2022
fips31085,10845.993694863893,watervolumen/hour,2022
fips31087,5566.819659211816,watervolumen/hour,2022
fips31089,84743.78406823264,watervolumen/hour,2022
fips31093,34453.55002964203,watervolumen/hour,2022
fips31095,30516.2043650929,watervolumen/hour,2022
fips31097,5594.587074450682,watervolumen/hour,2022
fips31099,51592.39453439519,watervolumen/hour,2022
fips31101,21816.089388845252,watervolumen/hour,2022
fips31103,9502.415968577423,watervolumen/hour,2022
fips31105,4656.860107919943,watervolumen/hour,2022
fips31107,14377.921664242962,watervolumen/hour,2022
fips31111,47096.55645705031,watervolumen/hour,2022
fips31113,7058.2707587251925,watervolumen/hour,2022
fips31115,3345.851437006768,watervolumen/hour,2022
fips31117,2352.9059344973807,watervolumen/hour,2022
fips31119,3370.387072538082,watervolumen/hour,2022
fips31121,59516.194670715304,watervolumen/hour,2022
fips31123,26683.159109705197,watervolumen/hour,2022
fips31125,13442.647259721803,watervolumen/hour,2022
fips31127,2754.837873641409,watervolumen/hour,2022
fips31129,18242.87958231617,watervolumen/hour,2022
fips31135,24915.095651016734,watervolumen/hour,2022
fips31137,55160.59746256725,watervolumen/hour,2022
fips31139,30308.999890571857,watervolumen/hour,2022
fips31141,44187.57677787072,watervolumen/hour,2022
fips31143,17991.49082782485,watervolumen/hour,2022
fips31145,7570.9299208576285,watervolumen/hour,2022
fips31149,14264.319100219953,watervolumen/hour,2022
fips31151,24707.23582481067,watervolumen/hour,2022
fips31155,6992.9373529037175,watervolumen/hour,2022
fips31157,36333.411386114276,watervolumen/hour,2022
fips31159,21955.171205819985,watervolumen/hour,2022
fips31161,9020.678576251423,watervolumen/hour,2022
fips31163,22788.287538908917,watervolumen/hour,2022
fips31165,6924.396176440323,watervolumen/hour,2022
fips31167,6993.918314608116,watervolumen/hour,2022
fips31169,37292.16647191056,watervolumen/hour,2022
fips31175,20004.482591011165,watervolumen/hour,2022
fips31177,4792.156231804002,watervolumen/hour,2022
fips31179,11538.933443367743,watervolumen/hour,2022
fips31181,10862.504227861584,watervolumen/hour,2022
fips31183,17704.529916255688,watervolumen/hour,2022
fips31185,51027.85547746726,watervolumen/hour,2022
fips32001,4704.350016576997,watervolumen/hour,2022
fips32003,343.69230512933865,watervolumen/hour,2022
fips32005,2498.319129299054,watervolumen/hour,2022
fips32007,10456.868532037368,watervolumen/hour,2022
fips32009,1730.476574768417,watervolumen/hour,2022
fips32011,4261.830343100509,watervolumen/hour,2022
fips32013,15706.930480541043,watervolumen/hour,2022
fips32015,3865.7154920080957,watervolumen/hour,2022
fips32017,1972.9401831068387,watervolumen/hour,2022
fips32019,7706.379558707058,watervolumen/hour,2022
fips32021,320.5744613328695,watervolumen/hour,2022
fips32023,2044.3131103338246,watervolumen/hour,2022
fips32027,4790.39574541152,watervolumen/hour,2022
fips32031,1509.9428751332894,watervolumen/hour,2022
fips32033,3076.8645667858273,watervolumen/hour,2022
fips34001,6849.281356039856,watervolumen/hour,2022
fips34005,8622.007017543361,watervolumen/hour,2022
fips34011,8017.796542810452,watervolumen/hour,2022
fips35001,1054.5103563220355,watervolumen/hour,2022
fips35003,519.8336114303281,watervolumen/hour,2022
fips35005,4038.6947689190083,watervolumen/hour,2022
fips35007,1514.0096827329792,watervolumen/hour,2022
fips35009,4655.517218723383,watervolumen/hour,2022
fips35011,1021.3919368699358,watervolumen/hour,2022
fips35013,12216.471801284502,watervolumen/hour,2022
fips35015,4653.588556170371,watervolumen/hour,2022
fips35017,891.8977926082979,watervolumen/hour,2022
fips35019,482.0856568635212,watervolumen/hour,2022
fips35023,1596.2339726983603,watervolumen/hour,2022
fips35025,4498.5545275056265,watervolumen/hour,2022
fips35027,535.3421617625971,watervolumen/hour,2022
fips35029,2571.3813306807638,watervolumen/hour,2022
fips35035,774.4290160154015,watervolumen/hour,2022
fips35037,1029.5361968032603,watervolumen/hour,2022
fips35039,3237.2256960160153,watervolumen/hour,2022
fips35041,5426.568914147655,watervolumen/hour,2022
fips35043,1244.9817411844565,watervolumen/hour,2022
fips35045,6412.9451274805115,watervolumen/hour,2022
fips35047,882.46573989658,watervolumen/hour,2022
fips35049,654.6819621968021,watervolumen/hour,2022
fips35051,1165.3083095931097,watervolumen/hour,2022
fips35053,3504.8542038794535,watervolumen/hour,2022
fips35055,2640.202377228999,watervolumen/hour,2022
fips35057,1358.8725432894262,watervolumen/hour,2022
fips35059,1130.5071665279759,watervolumen/hour,2022
fips35061,3791.9427641343354,watervolumen/hour,2022
fips37163,1996.8320146002698,watervolumen/hour,2022
fips38021,405.3258852259666,watervolumen/hour,2022
fips38035,341.95433679246804,watervolumen/hour,2022
fips38043,663.9662909748703,watervolumen/hour,2022
fips38049,669.9505691480715,watervolumen/hour,2022
fips38053,2358.3788295267573,watervolumen/hour,2022
fips38073,634.2794399460613,watervolumen/hour,2022
fips38081,442.9002985595318,watervolumen/hour,2022
fips38105,594.7609673267855,watervolumen/hour,2022
fips39085,1603.129207976261,watervolumen/hour,2022
fips40007,5585.6231030008785,watervolumen/hour,2022
fips40009,899.5798457076693,watervolumen/hour,2022
fips40015,5187.242773291568,watervolumen/hour,2022
fips40025,14769.645853023447,watervolumen/hour,2022
fips40039,1072.2531526409268,watervolumen/hour,2022
fips40045,1091.886120431629,watervolumen/hour,2022
fips40051,2276.231484638825,watervolumen/hour,2022
fips40057,2636.061486062829,watervolumen/hour,2022
fips40059,1404.2914964609379,watervolumen/hour,2022
fips40065,4659.253645128043,watervolumen/hour,2022
fips40073,924.956893083086,watervolumen/hour,2022
fips40093,1527.4759120797817,watervolumen/hour,2022
fips40101,1022.2865286012384,watervolumen/hour,2022
fips40139,32498.824907561193,watervolumen/hour,2022
fips40141,1290.6089730039419,watervolumen/hour,2022
fips40149,647.9446748795374,watervolumen/hour,2022
fips41001,6182.450549042409,watervolumen/hour,2022
fips41003,1406.2925435313293,watervolumen/hour,2022
fips41005,2218.01987807562,watervolumen/hour,2022
fips41011,340.8156171619364,watervolumen/hour,2022
fips41013,3077.0636834431602,watervolumen/hour,2022
fips41017,1520.4249078196053,watervolumen/hour,2022
fips41019,1373.156936033896,watervolumen/hour,2022
fips41021,564.3327096583757,watervolumen/hour,2022
fips41023,744.4564096449984,watervolumen/hour,2022
fips41025,8508.466948984465,watervolumen/hour,2022
fips41027,1039.5899852910295,watervolumen/hour,2022
fips41029,7286.090298929803,watervolumen/hour,2022
fips41031,2919.43035539407,watervolumen/hour,2022
fips41033,898.4147788940311,watervolumen/hour,2022
fips41035,15582.178696696583,watervolumen/hour,2022
fips41037,7104.723882538986,watervolumen/hour,2022
fips41039,1647.3066230503614,watervolumen/hour,2022
fips41043,1853.9457156348785,watervolumen/hour,2022
fips41045,13447.52199707827,watervolumen/hour,2022
fips41047,5849.02179579162,watervolumen/hour,2022
fips41049,3633.6403020985113,watervolumen/hour,2022
fips41051,442.34647700039187,watervolumen/hour,2022
fips41053,1208.8088397105162,watervolumen/hour,2022
fips41059,5299.1987890469645,watervolumen/hour,2022
fips41061,4104.998973591237,watervolumen/hour,2022
fips41063,3007.8460580253536,watervolumen/hour,2022
fips41065,1358.5728877414651,watervolumen/hour,2022
fips41067,3116.037339353621,watervolumen/hour,2022
fips41069,559.5715305494531,watervolumen/hour,2022
fips41071,2157.155805266497,watervolumen/hour,2022
fips45017,629.7940503771493,watervolumen/hour,2022
fips45075,1296.068672722463,watervolumen/hour,2022
fips45085,585.199270922087,watervolumen/hour,2022
fips46007,573.8141240810415,watervolumen/hour,2022
fips46027,852.8150351449483,watervolumen/hour,2022
fips46065,1172.541550318567,watervolumen/hour,2022
fips46115,1345.8584253104686,watervolumen/hour,2022
fips46119,1015.6246315932806,watervolumen/hour,2022
fips46121,972.2596054026972,watervolumen/hour,2022
fips46125,1376.5444557536246,watervolumen/hour,2022
fips46135,825.7873467986819,watervolumen/hour,2022
fips48003,354.0578119207875,watervolumen/hour,2022
fips48013,338.1211662334395,watervolumen/hour,2022
fips48017,1215.63769108734,watervolumen/hour,2022
fips48039,825.9898043663603,watervolumen/hour,2022
fips48041,395.3548309581195,watervolumen/hour,2022
fips48045,365.33979775406465,watervolumen/hour,2022
fips48051,230.9038812877704,watervolumen/hour,2022
fips48061,4439.079447882883,watervolumen/hour,2022
fips48065,1977.652708382892,watervolumen/hour,2022
fips48069,5686.440954200083,watervolumen/hour,2022
fips48071,1475.1772816862353,watervolumen/hour,2022
fips48075,211.02980441985073,watervolumen/hour,2022
fips48079,1696.0682239340365,watervolumen/hour,2022
fips48087,769.7485328756824,watervolumen/hour,2022
fips48089,1112.9320513312953,watervolumen/hour,2022
fips48093,439.72515208282,watervolumen/hour,2022
fips48107,683.0435247684088,watervolumen/hour,2022
fips48109,1227.3951494146818,watervolumen/hour,2022
fips48111,7616.003323138167,watervolumen/hour,2022
fips48115,1175.4676956572598,watervolumen/hour,2022
fips48117,2577.0364210336215,watervolumen/hour,2022
fips48129,536.291585804045,watervolumen/hour,2022
fips48141,2783.0310810390183,watervolumen/hour,2022
fips48147,183.38440443651703,watervolumen/hour,2022
fips48153,1794.7183894345371,watervolumen/hour,2022
fips48157,415.7204169115069,watervolumen/hour,2022
fips48163,892.0255562544855,watervolumen/hour,2022
fips48165,6946.536007406327,watervolumen/hour,2022
fips48173,611.8576085451016,watervolumen/hour,2022
fips48179,663.0759062919954,watervolumen/hour,2022
fips48189,4732.695675228717,watervolumen/hour,2022
fips48191,539.7517724383929,watervolumen/hour,2022
fips48195,3576.6661183066594,watervolumen/hour,2022
fips48197,220.53145097819257,watervolumen/hour,2022
fips48205,8962.608775343704,watervolumen/hour,2022
fips48207,615.1168938829978,watervolumen/hour,2022
fips48215,3552.121139454028,watervolumen/hour,2022
fips48219,2491.845920213452,watervolumen/hour,2022
fips48229,1959.1821056171386,watervolumen/hour,2022
fips48233,1277.489107384074,watervolumen/hour,2022
fips48239,700.50456795006,watervolumen/hour,2022
fips48245,1096.517660037358,watervolumen/hour,2022
fips48275,460.55508719503194,watervolumen/hour,2022
fips48279,3388.868445423097,watervolumen/hour,2022
fips48291,238.67366739435943,watervolumen/hour,2022
fips48295,532.9190153692917,watervolumen/hour,2022
fips48303,3650.9821727337353,watervolumen/hour,2022
fips48305,1378.916635707556,watervolumen/hour,2022
fips48317,798.1756121716802,watervolumen/hour,2022
fips48321,790.6041308852583,watervolumen/hour,2022
fips48323,487.7189040520546,watervolumen/hour,2022
fips48325,565.6092208504616,watervolumen/hour,2022
fips48335,322.8179011329192,watervolumen/hour,2022
fips48341,4046.4101311993645,watervolumen/hour,2022
fips48353,169.2279549957849,watervolumen/hour,2022
fips48357,1708.0769921394335,watervolumen/hour,2022
fips48369,3158.9540367519267,watervolumen/hour,2022
fips48371,3914.457323831356,watervolumen/hour,2022
fips48383,525.5709177561087,watervolumen/hour,2022
fips48389,1104.767632259722,watervolumen/hour,2022
fips48395,865.6249492673057,watervolumen/hour,2022
fips48421,5985.968855651345,watervolumen/hour,2022
fips48437,1582.902621273732,watervolumen/hour,2022
fips48445,2056.6489719511633,watervolumen/hour,2022
fips48451,1142.8869302392898,watervolumen/hour,2022
fips48463,541.5906167467575,watervolumen/hour,2022
fips48481,2425.458967059961,watervolumen/hour,2022
fips48483,306.9992561276083,watervolumen/hour,2022
fips48487,330.54473820858385,watervolumen/hour,2022
fips48489,757.659763063969,watervolumen/hour,2022
fips48493,167.9302170184807,watervolumen/hour,2022
fips48501,2074.5507830072047,watervolumen/hour,2022
fips48507,652.7437129905442,watervolumen/hour,2022
fips49001,5911.903710552708,watervolumen/hour,2022
fips49003,31640.368039582794,watervolumen/hour,2022
fips49005,8915.171834099709,watervolumen/hour,2022
fips49007,2541.548203761547,watervolumen/hour,2022
fips49009,1409.8995293305438,watervolumen/hour,2022
fips49011,2924.4615551976203,watervolumen/hour,2022
fips49013,21275.79901223431,watervolumen/hour,2022
fips49015,8628.802423838375,watervolumen/hour,2022
fips49017,3742.3886901697447,watervolumen/hour,2022
fips49019,1232.881037184288,watervolumen/hour,2022
fips49021,11399.901423974587,watervolumen/hour,2022
fips49023,4493.296699780661,watervolumen/hour,2022
fips49025,901.253354220817,watervolumen/hour,2022
fips49027,21080.254292137088,watervolumen/hour,2022
fips49029,1741.0506498762431,watervolumen/hour,2022
fips49031,2371.6522708429648,watervolumen/hour,2022
fips49033,7649.809653372335,watervolumen/hour,2022
fips49035,1593.0471580715944,watervolumen/hour,2022
fips49037,830.2312609767097,watervolumen/hour,2022
fips49039,12884.300631084057,watervolumen/hour,2022
fips49041,4509.418796252447,watervolumen/hour,2022
fips49043,3227.6068831303755,watervolumen/hour,2022
fips49045,6255.846160897634,watervolumen/hour,2022
fips49047,13163.013494178886,watervolumen/hour,2022
fips49049,19334.9304204456,watervolumen/hour,2022
fips49051,2014.3737291828306,watervolumen/hour,2022
fips49053,2876.863073577743,watervolumen/hour,2022
fips49055,2993.6912758822073,watervolumen/hour,2022
fips49057,5118.626521636783,watervolumen/hour,2022
fips51001,2739.3530271470236,watervolumen/hour,2022
fips53001,2239.8599761921987,watervolumen/hour,2022
fips53005,3417.376179261841,watervolumen/hour,2022
fips53007,425.84830299234324,watervolumen/hour,2022
fips53017,277.1874276187665,watervolumen/hour,2022
fips53021,4971.8088993022675,watervolumen/hour,2022
fips53025,11812.112829741744,watervolumen/hour,2022
fips53037,1980.632343437241,watervolumen/hour,2022
fips53039,363.51545273940746,watervolumen/hour,2022
fips53043,206.23003174879372,watervolumen/hour,2022
fips53047,726.2895435710599,watervolumen/hour,2022
fips53057,292.17645283356757,watervolumen/hour,2022
fips53071,1214.3087345738913,watervolumen/hour,2022
fips53073,628.1576584631283,watervolumen/hour,2022
fips53077,6147.9221772165665,watervolumen/hour,2022
fips55001,11512.18337389852,watervolumen/hour,2022
fips55033,1705.7256614265525,watervolumen/hour,2022
fips55053,2832.0421385915265,watervolumen/hour,2022
fips55057,3381.3332542431667,watervolumen/hour,2022
fips55067,1838.54196776115,watervolumen/hour,2022
fips55081,4148.369173016457,watervolumen/hour,2022
fips55085,2047.2531910177336,watervolumen/hour,2022
fips55097,10578.249049043101,watervolumen/hour,2022
fips55137,8771.481453339662,watervolumen/hour,2022
fips55141,10198.646405357938,watervolumen/hour,2022
fips56001,37350.81010309293,watervolumen/hour,2022
fips56003,41643.665221119016,watervolumen/hour,2022
fips56007,65862.1213930983,watervolumen/hour,2022
fips56009,12703.446726235097,watervolumen/hour,2022
fips56011,1715.5268842672783,watervolumen/hour,2022
fips56013,69194.29304037787,watervolumen/hour,2022
fips56015,33662.36316607368,watervolumen/hour,2022
fips56017,4677.541624093853,watervolumen/hour,2022
fips56019,17827.821175998495,watervolumen/hour,2022
fips56021,9744.34057423095,watervolumen/hour,2022
fips56023,39383.06141738401,watervolumen/hour,2022
fips56025,10227.857490683087,watervolumen/hour,2022
fips56027,3427.2171012458844,watervolumen/hour,2022
fips56029,41387.58295798526,watervolumen/hour,2022
fips56031,20457.0574230588,watervolumen/hour,2022
fips56033,22611.536870276494,watervolumen/hour,2022
fips56035,49114.91601923774,watervolumen/hour,2022
fips56037,9405.781405269396,watervolumen/hour,2022
fips56039,9283.286305013344,watervolumen/hour,2022
fips56041,29942.48377159171,watervolumen/hour,2022
fips56043,20325.506514180186,watervolumen/hour,2022
fips56045,1388.299051907639,watervolumen/hour,2022
