{
  "capacity_addition_max": {
    "default_value": "inf",
    "unit": "kW"
  },
  "capacity_addition_min": {
    "default_value": 0,
    "unit": "kW"
  },
  "capacity_addition_unbounded": {
    "default_value": 0,
    "unit": "kW"
  },
  "capacity_existing": {
    "default_value": 0,
    "unit": "kW"
  },
  "capacity_investment_existing": {
    "default_value": 0,
    "unit": "kW"
  },
  "capacity_limit": {
    "default_value": "inf",
    "unit": "kW"
  },
  "capex_specific": {
    "default_value": 2346,
    "unit": "Dollar/kW"
  },
  "carbon_intensity_technology": {
    "default_value": 0,
    "unit": "tons/kWh"
  },
  "construction_time": {
    "default_value": 0,
    "unit": "1"
  },
  "conversion_factor": [
    {
      "": {
        "default_value": 1,
        "unit": "kWh/kWh"
      }
    }
  ],
  "input_carrier": {
    "default_value": []
  },
  "lifetime": {
    "default_value": 25,
    "unit": "1"
  },
  "max_diffusion_rate": {
    "default_value": "inf",
    "unit": "1"
  },
  "max_load": {
    "default_value": 0.0824,
    "unit": "1"
  },
  "min_load": {
    "default_value": 0,
    "unit": "1"
  },
  "opex_specific_fixed": {
    "default_value": 9.1,
    "unit": "Dollar/kW"
  },
  "opex_specific_variable": {
    "default_value": 0,
    "unit": "Dollar/kWh"
  },
  "output_carrier": {
    "default_value": [
      "electricity"
    ]
  },
  "reference_carrier": {
    "default_value": [
      "electricity"
    ]
  }
}