{
  "capacity_addition_max": {
    "default_value": 0,
    "unit": "kW"
  },
  "capacity_addition_min": {
    "default_value": 0,
    "unit": "kW"
  },
  "capacity_addition_unbounded": {
    "default_value": 0,
    "unit": "kW"
  },
  "capacity_existing": {
    "default_value": 0,
    "unit": "kW"
  },
  "capacity_investment_existing": {
    "default_value": 0,
    "unit": "kW"
  },
  "capacity_limit": {
    "default_value": 0,
    "unit": "kW"
  },
  "capex_per_distance_transport": {
    "default_value":  0,
    "unit": "Dollar/km/MW"
  },
  "carbon_intensity_technology": {
    "default_value": 0,
    "unit": "tons/kWh"
  },
  "construction_time": {
    "default_value": 0,
    "unit": "1"
  },
  "distance": {
    "default_value": "inf",
    "unit": "km"
  },
  "lifetime": {
    "default_value": 50,
    "unit": "1"
  },
  "max_diffusion_rate": {
    "default_value": "inf",
    "unit": "1"
  },
  "max_load": {
    "default_value": 1,
    "unit": "1"
  },
  "min_load": {
    "default_value": 0,
    "unit": "1"
  },
  "opex_specific_fixed": {
    "default_value": 0,
    "unit": "Dollar/kW"
  },
  "opex_specific_variable": {
    "default_value": 0,
    "unit": "Dollar/kWh"
  },
  "reference_carrier": {
    "default_value": [
      "electricity"
    ]
  },
  "transport_loss_factor_linear": {
    "default_value": 0.9,
    "unit": "1/km"
  }
}