{
  "availability_export": {
    "default_value": 0.0,
    "unit": "watervolumen/hour"
  },
  "availability_export_yearly": {
    "default_value": 0.0,
    "unit": "watervolumen"
  },
  "availability_import": {
    "default_value": 0.0,
    "unit": "watervolumen/hour"
  },
  "availability_import_yearly": {
    "default_value": 0.0,
    "unit": "watervolumen"
  },
  "carbon_intensity_carrier_import": {
    "default_value": 0.0,
    "unit": "tons/watervolumen"
  },
  "carbon_intensity_carrier_export": {
    "default_value": 0.0,
    "unit": "tons/watervolumen"
  },
  "demand": {
    "default_value": 0.0,
    "unit": "watervolumen/hour"
  },
  "price_export": {
    "default_value": 0.0,
    "unit": "Dollar/watervolumen"
  },
  "price_import": {
    "default_value": 0.0,
    "unit": "Dollar/watervolumen"
  },
  "price_shed_demand": {
    "default_value": "inf",
    "unit": "Dollar/watervolumen"
  }
}