{
  "capacity_addition_max": {
    "default_value": "inf",
    "unit": "watervolumen/hour"
  },
  "capacity_addition_min": {
    "default_value": 0,
    "unit": "watervolumen/hour"
  },
  "capacity_addition_unbounded": {
    "default_value": 0,
    "unit": "watervolumen/hour"
  },
  "capacity_existing": {
    "default_value": 0,
    "unit": "watervolumen/hour"
  },
  "capacity_investment_existing": {
    "default_value": 0,
    "unit": "watervolumen/hour"
  },
  "capacity_limit": {
    "default_value": "inf",
    "unit": "watervolumen/hour"
  },
  "capex_specific": {
    "default_value": 410.39,
    "unit": "Dollar/(watervolumen/hour)"
  },
  "carbon_intensity_technology": {
    "default_value": 0,
    "unit": "tons/watervolumen"
  },
  "construction_time": {
    "default_value": 0,
    "unit": "1"
  },
  "conversion_factor": [
    {
      "electricity": {
        "default_value": 0.5635,
        "unit": "kWh/watervolumen"
      }
    },
    {
      "blue_water": {
        "default_value": 1.0,
        "unit": "watervolumen/watervolumen"
      }
    }
  ],
  "input_carrier": {
    "default_value": [
      "blue_water",
      "electricity"
    ]
  },
  "lifetime": {
    "default_value": 25,
    "unit": "1"
  },
  "max_diffusion_rate": {
    "default_value": "inf",
    "unit": "1"
  },
  "max_load": {
    "default_value": 1,
    "unit": "1"
  },
  "min_load": {
    "default_value": 0,
    "unit": "1"
  },
  "opex_specific_variable": {
    "default_value": 0,
    "unit": "Dollar/watervolumen"
  },
  "opex_specific_fixed": {
    "default_value": 0,
    "unit": "Dollar/(watervolumen/hour)"
  },
  "output_carrier": {
    "default_value": [
      "water"
    ]
  },
  "reference_carrier": {
    "default_value": [
      "water"
    ]
  }
}