node,capacity_existing,unit,year_construction
fips01003,20700.938648130574,watervolumen/hour,2022
fips01083,4798.94912206182,watervolumen/hour,2022
fips01097,3319.7855504878285,watervolumen/hour,2022
fips04003,123270.1956974174,watervolumen/hour,2022
fips04009,144545.0428850868,watervolumen/hour,2022
fips04012,266980.5251325164,watervolumen/hour,2022
fips04013,551412.871338355,watervolumen/hour,2022
fips04015,63105.724462393446,watervolumen/hour,2022
fips04019,46685.46188447893,watervolumen/hour,2022
fips04021,434134.9797394922,watervolumen/hour,2022
fips04025,18958.3485543046,watervolumen/hour,2022
fips04027,417382.4331439055,watervolumen/hour,2022
fips05001,820489.8710838809,watervolumen/hour,2022
fips05003,74937.26348770308,watervolumen/hour,2022
fips05017,132206.87322067437,watervolumen/hour,2022
fips05021,455587.1052652389,watervolumen/hour,2022
fips05031,268778.34526243893,watervolumen/hour,2022
fips05035,143301.65133945982,watervolumen/hour,2022
fips05037,329498.27025133197,watervolumen/hour,2022
fips05041,294528.23190962337,watervolumen/hour,2022
fips05043,23425.39508060432,watervolumen/hour,2022
fips05055,213567.23759465374,watervolumen/hour,2022
fips05063,49274.85943716258,watervolumen/hour,2022
fips05067,352337.2735476417,watervolumen/hour,2022
fips05069,178230.19416848317,watervolumen/hour,2022
fips05073,6144.335750656988,watervolumen/hour,2022
fips05075,154132.3743349909,watervolumen/hour,2022
fips05077,177752.24741863765,watervolumen/hour,2022
fips05079,127792.16416895491,watervolumen/hour,2022
fips05081,15615.431430305678,watervolumen/hour,2022
fips05085,444494.3932586157,watervolumen/hour,2022
fips05093,18978.994398649244,watervolumen/hour,2022
fips05095,163113.45392878368,watervolumen/hour,2022
fips05107,129459.96015017983,watervolumen/hour,2022
fips05111,515568.2770423222,watervolumen/hour,2022
fips05117,267930.5811235757,watervolumen/hour,2022
fips05119,25764.162123743412,watervolumen/hour,2022
fips05121,98214.25586568248,watervolumen/hour,2022
fips05123,194686.0896977946,watervolumen/hour,2022
fips05145,74000.41227017387,watervolumen/hour,2022
fips05147,303916.7225140737,watervolumen/hour,2022
fips06001,5763.432994640464,watervolumen/hour,2022
fips06005,16801.144562607224,watervolumen/hour,2022
fips06007,716625.547387631,watervolumen/hour,2022
fips06009,6728.07155929291,watervolumen/hour,2022
fips06011,574583.7939550785,watervolumen/hour,2022
fips06013,62772.363680193645,watervolumen/hour,2022
fips06015,13729.563308679939,watervolumen/hour,2022
fips06017,18713.803544892777,watervolumen/hour,2022
fips06019,993354.9829540007,watervolumen/hour,2022
fips06021,581944.074699671,watervolumen/hour,2022
fips06023,47751.277575782246,watervolumen/hour,2022
fips06025,772056.3312759137,watervolumen/hour,2022
fips06027,14746.53089492819,watervolumen/hour,2022
fips06029,981138.9029241407,watervolumen/hour,2022
fips06031,373353.83934247016,watervolumen/hour,2022
fips06033,32015.23048738457,watervolumen/hour,2022
fips06035,74076.07733319713,watervolumen/hour,2022
fips06037,11511.426583307322,watervolumen/hour,2022
fips06039,510916.7148738951,watervolumen/hour,2022
fips06041,26531.09123406372,watervolumen/hour,2022
fips06043,18598.78648343843,watervolumen/hour,2022
fips06045,46191.50975415284,watervolumen/hour,2022
fips06047,693301.2184070704,watervolumen/hour,2022
fips06049,154622.59541363874,watervolumen/hour,2022
fips06051,53903.522997421,watervolumen/hour,2022
fips06053,105653.06726145749,watervolumen/hour,2022
fips06055,63523.30174318512,watervolumen/hour,2022
fips06057,40831.15363272369,watervolumen/hour,2022
fips06061,111632.39040319565,watervolumen/hour,2022
fips06063,91044.81990905672,watervolumen/hour,2022
fips06065,355720.55338522495,watervolumen/hour,2022
fips06067,355774.89457786555,watervolumen/hour,2022
fips06069,10563.06869499307,watervolumen/hour,2022
fips06071,15166.064380963591,watervolumen/hour,2022
fips06073,54608.71821698289,watervolumen/hour,2022
fips06077,911225.6000449463,watervolumen/hour,2022
fips06079,47672.999980948734,watervolumen/hour,2022
fips06081,16973.302847785562,watervolumen/hour,2022
fips06083,31167.91667914429,watervolumen/hour,2022
fips06087,21044.214580871983,watervolumen/hour,2022
fips06089,137968.5310483062,watervolumen/hour,2022
fips06091,18677.669651339613,watervolumen/hour,2022
fips06093,179368.2714445924,watervolumen/hour,2022
fips06095,308576.25177704106,watervolumen/hour,2022
fips06097,132463.65225484694,watervolumen/hour,2022
fips06099,779535.6408840361,watervolumen/hour,2022
fips06101,551288.3906943742,watervolumen/hour,2022
fips06103,173588.88496193138,watervolumen/hour,2022
fips06105,9454.775701953664,watervolumen/hour,2022
fips06107,956859.0790774672,watervolumen/hour,2022
fips06111,44940.436747456246,watervolumen/hour,2022
fips06113,428435.99671308085,watervolumen/hour,2022
fips06115,274504.2063436108,watervolumen/hour,2022
fips08001,42390.66339382951,watervolumen/hour,2022
fips08003,106490.26905455219,watervolumen/hour,2022
fips08007,37371.592994860934,watervolumen/hour,2022
fips08009,102839.40117125443,watervolumen/hour,2022
fips08011,107308.46953898242,watervolumen/hour,2022
fips08013,80339.95752252091,watervolumen/hour,2022
fips08015,81009.43248024766,watervolumen/hour,2022
fips08017,23948.839860781492,watervolumen/hour,2022
fips08021,204362.54095671957,watervolumen/hour,2022
fips08023,70220.71491367884,watervolumen/hour,2022
fips08025,9241.24805066956,watervolumen/hour,2022
fips08027,22896.018383242754,watervolumen/hour,2022
fips08029,277931.54006228154,watervolumen/hour,2022
fips08037,101863.22416977484,watervolumen/hour,2022
fips08039,9571.947520920014,watervolumen/hour,2022
fips08043,66872.53310805329,watervolumen/hour,2022
fips08045,192995.3678107034,watervolumen/hour,2022
fips08049,128614.07840120775,watervolumen/hour,2022
fips08051,445604.8405466455,watervolumen/hour,2022
fips08053,16561.85666029511,watervolumen/hour,2022
fips08055,27958.83433317814,watervolumen/hour,2022
fips08057,225156.1134489541,watervolumen/hour,2022
fips08059,17534.56389770622,watervolumen/hour,2022
fips08063,76350.10028658448,watervolumen/hour,2022
fips08065,13378.196294922813,watervolumen/hour,2022
fips08067,267281.0319886512,watervolumen/hour,2022
fips08069,90655.96317345808,watervolumen/hour,2022
fips08071,13947.597175721028,watervolumen/hour,2022
fips08075,77835.56703471068,watervolumen/hour,2022
fips08077,634232.3383238467,watervolumen/hour,2022
fips08081,105288.11711631091,watervolumen/hour,2022
fips08083,115660.63778506505,watervolumen/hour,2022
fips08085,573669.0042750681,watervolumen/hour,2022
fips08087,97434.66209150435,watervolumen/hour,2022
fips08089,249573.0628175899,watervolumen/hour,2022
fips08091,74088.47589037949,watervolumen/hour,2022
fips08093,27596.665206155067,watervolumen/hour,2022
fips08095,50264.344816972276,watervolumen/hour,2022
fips08097,103238.80402011525,watervolumen/hour,2022
fips08099,77355.93342836564,watervolumen/hour,2022
fips08101,192684.67751263123,watervolumen/hour,2022
fips08103,102519.27029058365,watervolumen/hour,2022
fips08105,393613.4787790634,watervolumen/hour,2022
fips08107,128818.53500560754,watervolumen/hour,2022
fips08109,262636.3845877736,watervolumen/hour,2022
fips08113,37124.17443032825,watervolumen/hour,2022
fips08115,39314.81608926024,watervolumen/hour,2022
fips08117,42001.08776613788,watervolumen/hour,2022
fips08121,34412.14680890008,watervolumen/hour,2022
fips08123,272485.8797289774,watervolumen/hour,2022
fips08125,223159.7527562846,watervolumen/hour,2022
fips10001,17470.632652960907,watervolumen/hour,2022
fips10005,58712.917181719145,watervolumen/hour,2022
fips12001,6574.22867867724,watervolumen/hour,2022
fips12009,12818.718855582976,watervolumen/hour,2022
fips12011,16511.137414860474,watervolumen/hour,2022
fips12015,6185.050218889437,watervolumen/hour,2022
fips12021,53018.13800587437,watervolumen/hour,2022
fips12027,24464.615167268086,watervolumen/hour,2022
fips12035,4530.096656321892,watervolumen/hour,2022
fips12041,3281.448262084219,watervolumen/hour,2022
fips12043,46109.042403005646,watervolumen/hour,2022
fips12047,4765.130716885895,watervolumen/hour,2022
fips12049,18645.198619689563,watervolumen/hour,2022
fips12051,149833.1377914785,watervolumen/hour,2022
fips12055,36849.34822602726,watervolumen/hour,2022
fips12057,31042.118421714633,watervolumen/hour,2022
fips12061,17954.437175366354,watervolumen/hour,2022
fips12063,13595.688481861756,watervolumen/hour,2022
fips12069,14368.104712572598,watervolumen/hour,2022
fips12071,23376.712832814377,watervolumen/hour,2022
fips12075,9903.895097738672,watervolumen/hour,2022
fips12079,3223.3903450521193,watervolumen/hour,2022
fips12081,34026.764832368564,watervolumen/hour,2022
fips12083,4489.77198960972,watervolumen/hour,2022
fips12085,37187.84605915785,watervolumen/hour,2022
fips12086,14848.540351487001,watervolumen/hour,2022
fips12093,5680.181763402375,watervolumen/hour,2022
fips12095,3570.4127287679444,watervolumen/hour,2022
fips12097,5327.7264789914125,watervolumen/hour,2022
fips12099,233880.69098131586,watervolumen/hour,2022
fips12101,3973.8910502442504,watervolumen/hour,2022
fips12105,45874.60496404092,watervolumen/hour,2022
fips12107,9604.976843320306,watervolumen/hour,2022
fips12109,13701.67831536938,watervolumen/hour,2022
fips12111,17713.477585480665,watervolumen/hour,2022
fips12121,6471.281298638727,watervolumen/hour,2022
fips12127,7748.072172288107,watervolumen/hour,2022
fips13007,21783.839464264438,watervolumen/hour,2022
fips13027,4086.8641925685934,watervolumen/hour,2022
fips13033,10847.841228529966,watervolumen/hour,2022
fips13037,8727.604919163929,watervolumen/hour,2022
fips13069,5043.0467616982,watervolumen/hour,2022
fips13071,10289.034441330214,watervolumen/hour,2022
fips13081,10033.361975825643,watervolumen/hour,2022
fips13087,42826.44232316179,watervolumen/hour,2022
fips13093,8563.262902482877,watervolumen/hour,2022
fips13095,6998.70906296834,watervolumen/hour,2022
fips13099,10614.835468897552,watervolumen/hour,2022
fips13155,9422.451290690764,watervolumen/hour,2022
fips13163,9556.041767159504,watervolumen/hour,2022
fips13177,18993.512668721844,watervolumen/hour,2022
fips13193,6193.495607760072,watervolumen/hour,2022
fips13201,33049.28825898436,watervolumen/hour,2022
fips13205,53562.313544554876,watervolumen/hour,2022
fips13235,5092.290231734546,watervolumen/hour,2022
fips13243,10838.524571613503,watervolumen/hour,2022
fips13251,7202.7369209104045,watervolumen/hour,2022
fips13253,29353.551497242657,watervolumen/hour,2022
fips13261,9683.482509635416,watervolumen/hour,2022
fips13273,7091.229823655271,watervolumen/hour,2022
fips13277,6177.282967336789,watervolumen/hour,2022
fips13287,8890.96484583324,watervolumen/hour,2022
fips13315,4338.477902006296,watervolumen/hour,2022
fips13321,12591.32122605344,watervolumen/hour,2022
fips16001,176157.40715175538,watervolumen/hour,2022
fips16003,31381.497125356815,watervolumen/hour,2022
fips16005,190008.69922769652,watervolumen/hour,2022
fips16007,198862.8650219054,watervolumen/hour,2022
fips16011,715676.6145787545,watervolumen/hour,2022
fips16013,182798.4961761484,watervolumen/hour,2022
fips16019,734799.9065443187,watervolumen/hour,2022
fips16021,117861.69777888038,watervolumen/hour,2022
fips16023,176016.60421770177,watervolumen/hour,2022
fips16025,269977.98117259477,watervolumen/hour,2022
fips16027,672460.163832519,watervolumen/hour,2022
fips16029,388181.5040374224,watervolumen/hour,2022
fips16031,820210.0167479608,watervolumen/hour,2022
fips16033,130458.27581117854,watervolumen/hour,2022
fips16035,24424.894390766218,watervolumen/hour,2022
fips16037,64842.74950264648,watervolumen/hour,2022
fips16039,347020.761604497,watervolumen/hour,2022
fips16041,251510.5181974571,watervolumen/hour,2022
fips16043,351964.3701862734,watervolumen/hour,2022
fips16045,138723.32186452806,watervolumen/hour,2022
fips16047,301290.7355878796,watervolumen/hour,2022
fips16049,76351.93911772399,watervolumen/hour,2022
fips16051,479275.1012376051,watervolumen/hour,2022
fips16053,406590.27809476707,watervolumen/hour,2022
fips16055,74424.25803328594,watervolumen/hour,2022
fips16057,150252.95984591675,watervolumen/hour,2022
fips16059,68217.53229732663,watervolumen/hour,2022
fips16061,35830.61696139403,watervolumen/hour,2022
fips16063,198537.36532321837,watervolumen/hour,2022
fips16065,328879.7322733762,watervolumen/hour,2022
fips16067,698903.1344036282,watervolumen/hour,2022
fips16069,102187.70874579558,watervolumen/hour,2022
fips16071,675854.2583455559,watervolumen/hour,2022
fips16073,626653.8977332581,watervolumen/hour,2022
fips16075,315451.4730731198,watervolumen/hour,2022
fips16077,491008.75815399474,watervolumen/hour,2022
fips16081,384983.8838676353,watervolumen/hour,2022
fips16083,1098047.1365903572,watervolumen/hour,2022
fips16085,13585.177671775076,watervolumen/hour,2022
fips16087,331214.7656277885,watervolumen/hour,2022
fips17017,6513.596739059173,watervolumen/hour,2022
fips17101,7695.762538035163,watervolumen/hour,2022
fips17125,46281.372167016525,watervolumen/hour,2022
fips17179,14904.337572011049,watervolumen/hour,2022
fips17193,8302.580581850998,watervolumen/hour,2022
fips17195,9997.388467135213,watervolumen/hour,2022
fips18073,7692.654299852664,watervolumen/hour,2022
fips18091,11855.57327922512,watervolumen/hour,2022
fips20009,20205.937482431123,watervolumen/hour,2022
fips20023,28525.17833657375,watervolumen/hour,2022
fips20027,6772.70407193925,watervolumen/hour,2022
fips20029,6606.376867123452,watervolumen/hour,2022
fips20039,5414.5433434648785,watervolumen/hour,2022
fips20047,56566.63946586846,watervolumen/hour,2022
fips20055,110869.51421321141,watervolumen/hour,2022
fips20057,38914.97062913324,watervolumen/hour,2022
fips20063,9354.414950866973,watervolumen/hour,2022
fips20065,8276.10957672,watervolumen/hour,2022
fips20067,59978.912294590715,watervolumen/hour,2022
fips20069,75032.14797928267,watervolumen/hour,2022
fips20071,9790.24420160342,watervolumen/hour,2022
fips20075,25451.66163342709,watervolumen/hour,2022
fips20079,14706.980703809671,watervolumen/hour,2022
fips20081,79981.16451326908,watervolumen/hour,2022
fips20083,9511.354700063555,watervolumen/hour,2022
fips20089,16072.6922418828,watervolumen/hour,2022
fips20093,89809.87091320987,watervolumen/hour,2022
fips20095,9618.608304575533,watervolumen/hour,2022
fips20097,35837.54862729581,watervolumen/hour,2022
fips20101,6238.234649460223,watervolumen/hour,2022
fips20113,14726.441366819297,watervolumen/hour,2022
fips20119,68709.46158087863,watervolumen/hour,2022
fips20123,6959.087671614564,watervolumen/hour,2022
fips20129,27890.141294827,watervolumen/hour,2022
fips20137,6817.3451390243,watervolumen/hour,2022
fips20145,33915.90981284528,watervolumen/hour,2022
fips20147,10191.514254732718,watervolumen/hour,2022
fips20151,56462.601460793354,watervolumen/hour,2022
fips20153,9272.43096236448,watervolumen/hour,2022
fips20155,30428.817627667453,watervolumen/hour,2022
fips20157,10950.443714403704,watervolumen/hour,2022
fips20159,13723.240070247291,watervolumen/hour,2022
fips20165,4681.011324286457,watervolumen/hour,2022
fips20171,18380.199329643914,watervolumen/hour,2022
fips20173,13238.357143798792,watervolumen/hour,2022
fips20175,91775.10898561553,watervolumen/hour,2022
fips20179,33273.13278274419,watervolumen/hour,2022
fips20181,58490.9216054553,watervolumen/hour,2022
fips20185,55151.17294778776,watervolumen/hour,2022
fips20187,57551.697179642055,watervolumen/hour,2022
fips20189,123530.60380852089,watervolumen/hour,2022
fips20193,44266.253404816285,watervolumen/hour,2022
fips20199,25222.874873501685,watervolumen/hour,2022
fips20203,22886.08149576913,watervolumen/hour,2022
fips22001,52653.388821525936,watervolumen/hour,2022
fips22003,10964.951570578776,watervolumen/hour,2022
fips22009,15279.036590433176,watervolumen/hour,2022
fips22019,9227.700614282658,watervolumen/hour,2022
fips22023,8760.62908264751,watervolumen/hour,2022
fips22025,7817.213085622811,watervolumen/hour,2022
fips22029,11200.834751460132,watervolumen/hour,2022
fips22035,11419.822072297678,watervolumen/hour,2022
fips22039,31915.802877570586,watervolumen/hour,2022
fips22041,12553.643327004225,watervolumen/hour,2022
fips22053,58606.85882776185,watervolumen/hour,2022
fips22065,16283.938970170726,watervolumen/hour,2022
fips22067,40104.21287995294,watervolumen/hour,2022
fips22069,5327.0696979668155,watervolumen/hour,2022
fips22073,8018.015548651663,watervolumen/hour,2022
fips22077,5257.167484499409,watervolumen/hour,2022
fips22079,7297.130745611885,watervolumen/hour,2022
fips22083,11584.3208250022,watervolumen/hour,2022
fips22097,16580.10493107892,watervolumen/hour,2022
fips22107,11225.758905699815,watervolumen/hour,2022
fips22113,42066.41442670266,watervolumen/hour,2022
fips22123,5498.1524259239095,watervolumen/hour,2022
fips24011,8596.163562935863,watervolumen/hour,2022
fips24019,8382.34584273888,watervolumen/hour,2022
fips24035,5100.264213826847,watervolumen/hour,2022
fips25023,61024.74656303247,watervolumen/hour,2022
fips26005,12235.476943201444,watervolumen/hour,2022
fips26009,8538.81059660019,watervolumen/hour,2022
fips26021,8799.786235306901,watervolumen/hour,2022
fips26023,17277.092519319587,watervolumen/hour,2022
fips26027,27410.713766467423,watervolumen/hour,2022
fips26077,13773.139277276887,watervolumen/hour,2022
fips26107,8975.781740068138,watervolumen/hour,2022
fips26117,31888.378122347793,watervolumen/hour,2022
fips26149,43114.94634451051,watervolumen/hour,2022
fips26159,14174.304862956338,watervolumen/hour,2022
fips27037,20755.079070141564,watervolumen/hour,2022
fips27057,11838.215684576766,watervolumen/hour,2022
fips27097,13514.782431911153,watervolumen/hour,2022
fips27111,61610.88854925293,watervolumen/hour,2022
fips27121,25059.97888872844,watervolumen/hour,2022
fips27141,19686.365991873357,watervolumen/hour,2022
fips27145,19930.145167610193,watervolumen/hour,2022
fips27151,20663.671663619258,watervolumen/hour,2022
fips27159,16618.539012913923,watervolumen/hour,2022
fips28011,164057.16433112344,watervolumen/hour,2022
fips28015,5821.5298923307955,watervolumen/hour,2022
fips28027,61294.0015955481,watervolumen/hour,2022
fips28033,5302.285314560075,watervolumen/hour,2022
fips28051,19810.08460726918,watervolumen/hour,2022
fips28053,42766.97558287234,watervolumen/hour,2022
fips28055,16593.543183153313,watervolumen/hour,2022
fips28083,80039.2496483898,watervolumen/hour,2022
fips28103,7070.901836196794,watervolumen/hour,2022
fips28107,9237.050974970476,watervolumen/hour,2022
fips28119,39992.14473810407,watervolumen/hour,2022
fips28125,32861.45113560545,watervolumen/hour,2022
fips28133,120094.67857437076,watervolumen/hour,2022
fips28135,49777.366490761975,watervolumen/hour,2022
fips28143,48800.210119676296,watervolumen/hour,2022
fips28151,117888.07691556074,watervolumen/hour,2022
fips28163,18216.094031964218,watervolumen/hour,2022
fips29005,9770.192738087659,watervolumen/hour,2022
fips29007,10823.035422496947,watervolumen/hour,2022
fips29011,8140.005468788614,watervolumen/hour,2022
fips29023,98865.25102478334,watervolumen/hour,2022
fips29031,8891.161762383184,watervolumen/hour,2022
fips29069,116970.98798747022,watervolumen/hour,2022
fips29087,13957.904565576695,watervolumen/hour,2022
fips29133,58322.80073806398,watervolumen/hour,2022
fips29143,136666.91101358167,watervolumen/hour,2022
fips29155,88958.98778135837,watervolumen/hour,2022
fips29181,9646.9086673954,watervolumen/hour,2022
fips29201,49423.5983666235,watervolumen/hour,2022
fips29207,166577.86513956994,watervolumen/hour,2022
fips30001,634817.8630857448,watervolumen/hour,2022
fips30003,202978.4797544712,watervolumen/hour,2022
fips30005,221715.08340675282,watervolumen/hour,2022
fips30007,138751.02307519916,watervolumen/hour,2022
fips30009,369093.74201583077,watervolumen/hour,2022
fips30011,16513.74536248402,watervolumen/hour,2022
fips30013,82761.49995596986,watervolumen/hour,2022
fips30015,47302.00124365766,watervolumen/hour,2022
fips30017,86452.70264112046,watervolumen/hour,2022
fips30021,50126.79928688288,watervolumen/hour,2022
fips30023,43602.005019038865,watervolumen/hour,2022
fips30027,78666.83890693422,watervolumen/hour,2022
fips30029,50019.337665622974,watervolumen/hour,2022
fips30031,326805.67140608036,watervolumen/hour,2022
fips30035,44543.613634314825,watervolumen/hour,2022
fips30037,14667.621216635358,watervolumen/hour,2022
fips30039,82144.82698132703,watervolumen/hour,2022
fips30041,33337.25740996522,watervolumen/hour,2022
fips30043,51269.76346754488,watervolumen/hour,2022
fips30045,100337.83893351413,watervolumen/hour,2022
fips30047,151747.6090533831,watervolumen/hour,2022
fips30049,129837.72509497765,watervolumen/hour,2022
fips30051,26579.83341960187,watervolumen/hour,2022
fips30053,8487.51666350859,watervolumen/hour,2022
fips30055,20221.63328385694,watervolumen/hour,2022
fips30057,527052.8655213887,watervolumen/hour,2022
fips30059,152077.16123993692,watervolumen/hour,2022
fips30063,104789.1660009408,watervolumen/hour,2022
fips30065,37283.658053622734,watervolumen/hour,2022
fips30067,208742.22133570665,watervolumen/hour,2022
fips30069,36631.374950309204,watervolumen/hour,2022
fips30071,203691.43886234125,watervolumen/hour,2022
fips30073,81196.63092682586,watervolumen/hour,2022
fips30075,39002.09668984452,watervolumen/hour,2022
fips30077,116048.76198117845,watervolumen/hour,2022
fips30079,48820.3960387806,watervolumen/hour,2022
fips30081,292298.921500968,watervolumen/hour,2022
fips30083,197944.19126997757,watervolumen/hour,2022
fips30085,70729.74595567568,watervolumen/hour,2022
fips30087,96825.41316348201,watervolumen/hour,2022
fips30089,47842.88282728886,watervolumen/hour,2022
fips30091,11908.767606339183,watervolumen/hour,2022
fips30093,8337.119626626203,watervolumen/hour,2022
fips30095,72069.71122097701,watervolumen/hour,2022
fips30097,189812.9772733666,watervolumen/hour,2022
fips30099,200928.12120100256,watervolumen/hour,2022
fips30101,12079.389081297511,watervolumen/hour,2022
fips30103,66727.36944025282,watervolumen/hour,2022
fips30105,151900.89248592957,watervolumen/hour,2022
fips30107,114521.26471874176,watervolumen/hour,2022
fips30111,240471.66199019318,watervolumen/hour,2022
fips31001,119356.84337963481,watervolumen/hour,2022
fips31003,121881.04312428448,watervolumen/hour,2022
fips31005,5926.813165327995,watervolumen/hour,2022
fips31007,11020.581391350435,watervolumen/hour,2022
fips31009,12151.064432451021,watervolumen/hour,2022
fips31011,75810.90146666452,watervolumen/hour,2022
fips31013,50258.76470803224,watervolumen/hour,2022
fips31015,8655.017581130203,watervolumen/hour,2022
fips31017,43541.148488769104,watervolumen/hour,2022
fips31019,143352.45773567283,watervolumen/hour,2022
fips31021,23753.32592944996,watervolumen/hour,2022
fips31023,28888.373681681387,watervolumen/hour,2022
fips31027,48215.43830323818,watervolumen/hour,2022
fips31029,84783.97517530035,watervolumen/hour,2022
fips31031,37182.38094763269,watervolumen/hour,2022
fips31033,16333.011659555319,watervolumen/hour,2022
fips31035,89940.33694650966,watervolumen/hour,2022
fips31037,23042.40518026128,watervolumen/hour,2022
fips31039,23312.865518523256,watervolumen/hour,2022
fips31041,129579.31820262165,watervolumen/hour,2022
fips31043,10483.832911854704,watervolumen/hour,2022
fips31045,9070.452918685014,watervolumen/hour,2022
fips31047,132602.30001277983,watervolumen/hour,2022
fips31049,9338.470738503403,watervolumen/hour,2022
fips31051,13549.97828861662,watervolumen/hour,2022
fips31053,34219.46288353379,watervolumen/hour,2022
fips31055,8376.070442688051,watervolumen/hour,2022
fips31057,55288.266148338174,watervolumen/hour,2022
fips31059,67510.86453180641,watervolumen/hour,2022
fips31061,54132.80004825624,watervolumen/hour,2022
fips31063,26764.636986881094,watervolumen/hour,2022
fips31065,25480.23979668157,watervolumen/hour,2022
fips31067,41622.78907820896,watervolumen/hour,2022
fips31069,15611.269513858639,watervolumen/hour,2022
fips31071,13192.021967109262,watervolumen/hour,2022
fips31073,40946.03387110973,watervolumen/hour,2022
fips31077,62181.062464887116,watervolumen/hour,2022
fips31079,162611.1542910846,watervolumen/hour,2022
fips31081,148210.83986919068,watervolumen/hour,2022
fips31083,43446.32087231301,watervolumen/hour,2022
fips31085,25562.362832093415,watervolumen/hour,2022
fips31087,13120.149979156777,watervolumen/hour,2022
fips31089,199728.25146879492,watervolumen/hour,2022
fips31093,81201.7940899646,watervolumen/hour,2022
fips31095,71922.06727984887,watervolumen/hour,2022
fips31097,13185.59356719624,watervolumen/hour,2022
fips31099,121595.45225342058,watervolumen/hour,2022
fips31101,51417.2152616251,watervolumen/hour,2022
fips31103,22395.75382431593,watervolumen/hour,2022
fips31105,10975.513271165066,watervolumen/hour,2022
fips31107,33886.58159803652,watervolumen/hour,2022
fips31111,110999.44349657855,watervolumen/hour,2022
fips31113,16635.274109289698,watervolumen/hour,2022
fips31115,7885.664589271313,watervolumen/hour,2022
fips31117,5545.442575343729,watervolumen/hour,2022
fips31119,7943.491362493989,watervolumen/hour,2022
fips31121,140270.64788713402,watervolumen/hour,2022
fips31123,62888.16072166474,watervolumen/hour,2022
fips31125,31682.281618841305,watervolumen/hour,2022
fips31127,6492.735221020992,watervolumen/hour,2022
fips31129,42995.70146405167,watervolumen/hour,2022
fips31135,58721.10319676843,watervolumen/hour,2022
fips31137,130005.16559777422,watervolumen/hour,2022
fips31139,71433.71774663382,watervolumen/hour,2022
fips31141,104143.41940857003,watervolumen/hour,2022
fips31143,42403.216281503745,watervolumen/hour,2022
fips31145,17843.53403275177,watervolumen/hour,2022
fips31149,33618.8375773492,watervolumen/hour,2022
fips31151,58231.209098986365,watervolumen/hour,2022
fips31155,16481.293176638428,watervolumen/hour,2022
fips31157,85632.34231081879,watervolumen/hour,2022
fips31159,51745.01001873791,watervolumen/hour,2022
fips31161,21260.37182439321,watervolumen/hour,2022
fips31163,53708.53891124015,watervolumen/hour,2022
fips31165,16319.75201489817,watervolumen/hour,2022
fips31167,16483.60515465701,watervolumen/hour,2022
fips31169,87891.98269599117,watervolumen/hour,2022
fips31175,47147.532687749794,watervolumen/hour,2022
fips31177,11294.385723593094,watervolumen/hour,2022
fips31179,27195.51676619749,watervolumen/hour,2022
fips31181,25601.275655289875,watervolumen/hour,2022
fips31183,41726.89291763963,watervolumen/hour,2022
fips31185,120264.91928317613,watervolumen/hour,2022
fips32001,113696.22168776699,watervolumen/hour,2022
fips32003,8306.464522977392,watervolumen/hour,2022
fips32005,60380.16826355444,watervolumen/hour,2022
fips32007,252724.91174953704,watervolumen/hour,2022
fips32009,41822.706128809026,watervolumen/hour,2022
fips32011,103001.2660149342,watervolumen/hour,2022
fips32013,379610.0723069379,watervolumen/hour,2022
fips32015,93427.83679199775,watervolumen/hour,2022
fips32017,47682.643435285136,watervolumen/hour,2022
fips32019,186250.2228000391,watervolumen/hour,2022
fips32021,7747.745149638965,watervolumen/hour,2022
fips32023,49407.606953711605,watervolumen/hour,2022
fips32027,115775.80212425283,watervolumen/hour,2022
fips32031,36492.777803964,watervolumen/hour,2022
fips32033,74362.63769825954,watervolumen/hour,2022
fips34001,7777.432755920171,watervolumen/hour,2022
fips34005,9790.381839239648,watervolumen/hour,2022
fips34011,9104.294337006448,watervolumen/hour,2022
fips35001,24204.197440411837,watervolumen/hour,2022
fips35003,11931.751349608881,watervolumen/hour,2022
fips35005,92700.24234700012,watervolumen/hour,2022
fips35007,34751.09473118653,watervolumen/hour,2022
fips35009,106858.18045660389,watervolumen/hour,2022
fips35011,23444.029691913976,watervolumen/hour,2022
fips35013,280404.9232241143,watervolumen/hour,2022
fips35015,106813.91182619247,watervolumen/hour,2022
fips35017,20471.747991411954,watervolumen/hour,2022
fips35019,11065.321788411033,watervolumen/hour,2022
fips35023,36638.39051428453,watervolumen/hour,2022
fips35025,103255.41264476009,watervolumen/hour,2022
fips35027,12287.719417638145,watervolumen/hour,2022
fips35029,59020.96745589409,watervolumen/hour,2022
fips35035,17775.484797132045,watervolumen/hour,2022
fips35037,23630.965054141965,watervolumen/hour,2022
fips35039,74304.10657969651,watervolumen/hour,2022
fips35041,124556.145546208,watervolumen/hour,2022
fips35043,28576.090972153317,watervolumen/hour,2022
fips35045,147196.4586307608,watervolumen/hour,2022
fips35047,20255.25389561279,watervolumen/hour,2022
fips35049,15026.928259819226,watervolumen/hour,2022
fips35051,26747.34509267408,watervolumen/hour,2022
fips35053,80446.98910917947,watervolumen/hour,2022
fips35055,60600.61832297439,watervolumen/hour,2022
fips35057,31190.22884597209,watervolumen/hour,2022
fips35059,25948.55375520591,watervolumen/hour,2022
fips35061,87036.53861301635,watervolumen/hour,2022
fips37163,5692.30794687286,watervolumen/hour,2022
fips38021,10311.49052014859,watervolumen/hour,2022
fips38035,8699.318328000389,watervolumen/hour,2022
fips38043,16891.3024424007,watervolumen/hour,2022
fips38049,17043.542479126943,watervolumen/hour,2022
fips38053,59997.15742316071,watervolumen/hour,2022
fips38073,16136.068952227803,watervolumen/hour,2022
fips38081,11267.383595354491,watervolumen/hour,2022
fips38105,15130.719008793423,watervolumen/hour,2022
fips39085,7193.261576049329,watervolumen/hour,2022
fips40007,38778.18839258361,watervolumen/hour,2022
fips40009,6245.333078825494,watervolumen/hour,2022
fips40015,36012.43295357671,watervolumen/hour,2022
fips40025,102538.2663346153,watervolumen/hour,2022
fips40039,7444.1175122096365,watervolumen/hour,2022
fips40045,7580.419391096587,watervolumen/hour,2022
fips40051,15802.737082105044,watervolumen/hour,2022
fips40057,18300.85686699119,watervolumen/hour,2022
fips40059,9749.293714180065,watervolumen/hour,2022
fips40065,32346.868431301446,watervolumen/hour,2022
fips40073,6421.513230229327,watervolumen/hour,2022
fips40093,10604.501519613887,watervolumen/hour,2022
fips40101,7097.224224814099,watervolumen/hour,2022
fips40139,225623.0919207436,watervolumen/hour,2022
fips40141,8960.052795079868,watervolumen/hour,2022
fips40149,4498.355905351189,watervolumen/hour,2022
fips41001,235959.25373482265,watervolumen/hour,2022
fips41003,53672.526204984264,watervolumen/hour,2022
fips41005,84652.89144622248,watervolumen/hour,2022
fips41011,13007.560359566394,watervolumen/hour,2022
fips41013,117439.13593489741,watervolumen/hour,2022
fips41017,58028.49917894097,watervolumen/hour,2022
fips41019,52407.8734341901,watervolumen/hour,2022
fips41021,21538.308147044634,watervolumen/hour,2022
fips41023,28412.904796326628,watervolumen/hour,2022
fips41025,324733.9377458895,watervolumen/hour,2022
fips41027,39676.965496709214,watervolumen/hour,2022
fips41029,278080.7409525168,watervolumen/hour,2022
fips41031,111422.90626105701,watervolumen/hour,2022
fips41033,34288.87608409678,watervolumen/hour,2022
fips41035,594709.0442000647,watervolumen/hour,2022
fips41037,271158.71481989126,watervolumen/hour,2022
fips41039,62871.06356355714,watervolumen/hour,2022
fips41043,70757.64602659612,watervolumen/hour,2022
fips41045,513237.7897474121,watervolumen/hour,2022
fips41047,223233.62023938383,watervolumen/hour,2022
fips41049,138681.4253058183,watervolumen/hour,2022
fips41051,16882.58462842165,watervolumen/hour,2022
fips41053,46135.36808156582,watervolumen/hour,2022
fips41059,202249.08905250678,watervolumen/hour,2022
fips41061,156671.2886269391,watervolumen/hour,2022
fips41063,114797.37776646178,watervolumen/hour,2022
fips41065,51851.25901014953,watervolumen/hour,2022
fips41067,118926.60351607758,watervolumen/hour,2022
fips41069,21356.593103709067,watervolumen/hour,2022
fips41071,82329.9547586776,watervolumen/hour,2022
fips45017,7250.810722848619,watervolumen/hour,2022
fips45075,14921.62179699305,watervolumen/hour,2022
fips45085,6737.391606135463,watervolumen/hour,2022
fips46007,5479.143426050107,watervolumen/hour,2022
fips46027,8143.222164380176,watervolumen/hour,2022
fips46065,11196.174959073021,watervolumen/hour,2022
fips46115,12851.115080591026,watervolumen/hour,2022
fips46119,9697.8320853304,watervolumen/hour,2022
fips46121,9283.755142638993,watervolumen/hour,2022
fips46125,13144.12488100933,watervolumen/hour,2022
fips46135,7885.144548809213,watervolumen/hour,2022
fips48003,11010.438170024241,watervolumen/hour,2022
fips48013,10514.842687958202,watervolumen/hour,2022
fips48017,37803.72352824321,watervolumen/hour,2022
fips48039,25686.510405484063,watervolumen/hour,2022
fips48041,12294.68684187274,watervolumen/hour,2022
fips48045,11361.283719169132,watervolumen/hour,2022
fips48051,7180.615206158499,watervolumen/hour,2022
fips48061,138045.84490759598,watervolumen/hour,2022
fips48065,61500.75534077592,watervolumen/hour,2022
fips48069,176836.11101263115,watervolumen/hour,2022
fips48071,45874.847843957716,watervolumen/hour,2022
fips48075,6562.574063799819,watervolumen/hour,2022
fips48079,52744.08213296682,watervolumen/hour,2022
fips48087,23937.527551547777,watervolumen/hour,2022
fips48089,34609.79853019879,watervolumen/hour,2022
fips48093,13674.508613569544,watervolumen/hour,2022
fips48107,21241.187861660717,watervolumen/hour,2022
fips48109,38169.35525162627,watervolumen/hour,2022
fips48111,236841.35999482678,watervolumen/hour,2022
fips48115,36554.52287207464,watervolumen/hour,2022
fips48117,80140.30257307063,watervolumen/hour,2022
fips48129,16677.51747819295,watervolumen/hour,2022
fips48141,86546.29445061187,watervolumen/hour,2022
fips48147,5702.861449210808,watervolumen/hour,2022
fips48153,55811.890584398265,watervolumen/hour,2022
fips48157,12928.012862048941,watervolumen/hour,2022
fips48163,27740.08058158268,watervolumen/hour,2022
fips48165,216022.36310070765,watervolumen/hour,2022
fips48173,19027.458626592732,watervolumen/hour,2022
fips48179,20620.23777601095,watervolumen/hour,2022
fips48189,147176.67950031036,watervolumen/hour,2022
fips48191,16785.121857227965,watervolumen/hour,2022
fips48195,111226.64103015642,watervolumen/hour,2022
fips48197,6858.05488196477,watervolumen/hour,2022
fips48205,278717.8998471483,watervolumen/hour,2022
fips48207,19128.815406426762,watervolumen/hour,2022
fips48215,110463.34485946802,watervolumen/hour,2022
fips48219,77491.06080979685,watervolumen/hour,2022
fips48229,60926.35923124761,watervolumen/hour,2022
fips48233,39727.16984671049,watervolumen/hour,2022
fips48239,21784.18883456033,watervolumen/hour,2022
fips48245,34099.34618497298,watervolumen/hour,2022
fips48275,14322.274896127765,watervolumen/hour,2022
fips48279,105386.53640277567,watervolumen/hour,2022
fips48291,7422.2388807126745,watervolumen/hour,2022
fips48295,16572.63777494774,watervolumen/hour,2022
fips48303,113537.71084632685,watervolumen/hour,2022
fips48305,42881.348321930614,watervolumen/hour,2022
fips48317,24821.548715337223,watervolumen/hour,2022
fips48321,24586.09189514342,watervolumen/hour,2022
fips48323,15167.01130892869,watervolumen/hour,2022
fips48325,17589.233014756584,watervolumen/hour,2022
fips48335,10038.9439829567,watervolumen/hour,2022
fips48341,125834.67179675717,watervolumen/hour,2022
fips48353,5262.626250250905,watervolumen/hour,2022
fips48357,53117.52905426581,watervolumen/hour,2022
fips48369,98236.69167166164,watervolumen/hour,2022
fips48371,121731.22264814294,watervolumen/hour,2022
fips48383,16344.127707627556,watervolumen/hour,2022
fips48389,34355.90261728546,watervolumen/hour,2022
fips48395,26919.078357944454,watervolumen/hour,2022
fips48421,186150.78598402836,watervolumen/hour,2022
fips48437,49224.87473487224,watervolumen/hour,2022
fips48445,63957.36961787026,watervolumen/hour,2022
fips48451,35541.33098338139,watervolumen/hour,2022
fips48463,16842.30596920027,watervolumen/hour,2022
fips48481,75426.56902799617,watervolumen/hour,2022
fips48483,9547.01806888167,watervolumen/hour,2022
fips48487,10279.23203481443,watervolumen/hour,2022
fips48489,23561.59275196961,watervolumen/hour,2022
fips48493,5222.26938400219,watervolumen/hour,2022
fips48501,64514.0775258096,watervolumen/hour,2022
fips48507,20298.928736424445,watervolumen/hour,2022
fips49001,61295.50850581622,watervolumen/hour,2022
fips49003,328052.1035610856,watervolumen/hour,2022
fips49005,92433.84495800306,watervolumen/hour,2022
fips49007,26351.154749616748,watervolumen/hour,2022
fips49009,14618.050770713098,watervolumen/hour,2022
fips49011,30321.25807657809,watervolumen/hour,2022
fips49013,220590.69010116238,watervolumen/hour,2022
fips49015,89464.72376085857,watervolumen/hour,2022
fips49017,38801.649861263395,watervolumen/hour,2022
fips49019,12782.696370121352,watervolumen/hour,2022
fips49021,118195.89575713387,watervolumen/hour,2022
fips49023,46587.17725543137,watervolumen/hour,2022
fips49025,9344.330581861388,watervolumen/hour,2022
fips49027,218563.2529775517,watervolumen/hour,2022
fips49029,18051.47548801483,watervolumen/hour,2022
fips49031,24589.648116359866,watervolumen/hour,2022
fips49033,79314.3791972081,watervolumen/hour,2022
fips49035,16516.952983088206,watervolumen/hour,2022
fips49037,8607.962817147227,watervolumen/hour,2022
fips49039,133586.37041303772,watervolumen/hour,2022
fips49041,46754.33358100786,watervolumen/hour,2022
fips49043,33464.314516017876,watervolumen/hour,2022
fips49045,64861.555657936995,watervolumen/hour,2022
fips49047,136476.1073754336,watervolumen/hour,2022
fips49049,200467.4720818462,watervolumen/hour,2022
fips49051,20885.330359935015,watervolumen/hour,2022
fips49053,29827.749846769257,watervolumen/hour,2022
fips49055,31039.042252511605,watervolumen/hour,2022
fips49057,53070.69107621704,watervolumen/hour,2022
fips51001,7561.56924922719,watervolumen/hour,2022
fips53001,124229.83600924314,watervolumen/hour,2022
fips53005,189538.67065088503,watervolumen/hour,2022
fips53007,23618.9160964827,watervolumen/hour,2022
fips53017,15373.705965068108,watervolumen/hour,2022
fips53021,275752.5072078957,watervolumen/hour,2022
fips53025,655137.7565378565,watervolumen/hour,2022
fips53037,109852.23801271133,watervolumen/hour,2022
fips53039,20161.73580520611,watervolumen/hour,2022
fips53043,11438.180643723974,watervolumen/hour,2022
fips53047,40282.353295337685,watervolumen/hour,2022
fips53057,16205.045497077033,watervolumen/hour,2022
fips53071,67349.4667363803,watervolumen/hour,2022
fips53073,34839.64342783919,watervolumen/hour,2022
fips53077,340983.53110965475,watervolumen/hour,2022
fips55001,57997.54917137037,watervolumen/hour,2022
fips55033,8593.322804929705,watervolumen/hour,2022
fips55053,14267.623947057782,watervolumen/hour,2022
fips55057,17034.912953384177,watervolumen/hour,2022
fips55067,9262.44177282815,watervolumen/hour,2022
fips55081,20899.184566371547,watervolumen/hour,2022
fips55085,10313.913855950586,watervolumen/hour,2022
fips55097,53292.455431164446,watervolumen/hour,2022
fips55137,44190.09065207014,watervolumen/hour,2022
fips55141,51380.04470266362,watervolumen/hour,2022
fips56001,331812.5437863886,watervolumen/hour,2022
fips56003,369948.8833433371,watervolumen/hour,2022
fips56007,585097.8326385003,watervolumen/hour,2022
fips56009,112853.32129216363,watervolumen/hour,2022
fips56011,15240.187236408194,watervolumen/hour,2022
fips56013,614699.7702555148,watervolumen/hour,2022
fips56015,299045.57146596425,watervolumen/hour,2022
fips56017,41553.77033786943,watervolumen/hour,2022
fips56019,158376.61025957396,watervolumen/hour,2022
fips56021,86565.57714631064,watervolumen/hour,2022
fips56023,349866.40865161986,watervolumen/hour,2022
fips56025,90860.98540034606,watervolumen/hour,2022
fips56027,30446.290758722833,watervolumen/hour,2022
fips56029,367673.93115583545,watervolumen/hour,2022
fips56031,181733.89661948118,watervolumen/hour,2022
fips56033,200873.5967744076,watervolumen/hour,2022
fips56035,436321.0644485756,watervolumen/hour,2022
fips56037,83557.9267428717,watervolumen/hour,2022
fips56039,82469.71980157262,watervolumen/hour,2022
fips56041,265999.36333674827,watervolumen/hour,2022
fips56043,180565.240796704,watervolumen/hour,2022
fips56045,12333.200770699203,watervolumen/hour,2022
