node,sprinkler_percentage,drip_percentage,surface_percentage,well_pressure [bar],gw_percentages,sw_percentages,operating_pressure,pressure_head,conversion_factor_el,conversion_factor_diesel,unit_conversion_factor
fips01003,1.0,0.0,0.0,7.437284543379055,0.8921870095997733,0.1078129904002267,3.0,101.95728527114468,0.3473,0.926,kWh/m3
fips01083,1.0,0.0,0.0,7.437284543379055,0.3045160394392407,0.6954839605607592,3.0,39.43242152548617,0.1343,0.3582,kWh/m3
fips01097,1.0,0.0,0.0,7.437284543379055,0.96710155304211,0.0328984469578897,3.0,109.9277685162517,0.3744,0.9984,kWh/m3
fips04003,0.911,0.04,0.049,13.411401621373756,1.0,0.0,2.7930900000000003,172.2170399732289,0.5866,1.5642,kWh/m3
fips04009,0.46,0.023,0.517,7.445588632188283,0.6223055724913833,0.3776944275086167,1.61497,64.51005225989474,0.2197,0.5859,kWh/m3
fips04012,0.047,0.149,0.804,9.502658681025643,0.1474096544469222,0.8525903455530777,0.61964,22.24387921282901,0.0758,0.202,kWh/m3
fips04013,0.01,0.09,0.901,11.29326327870968,0.8151097502961374,0.1848902497038625,0.48941,104.93549310937836,0.3574,0.9531,kWh/m3
fips04015,0.226,0.1,0.674,9.817108266545455,0.4870346315753667,0.5129653684246334,1.05434,61.00684812627548,0.2078,0.5541,kWh/m3
fips04019,0.018,0.0,0.982,7.918119437142858,0.6552885196308568,0.3447114803691433,0.45661999999999997,62.975235556162055,0.2145,0.572,kWh/m3
fips04021,0.055,0.056,0.889,19.50530873733956,0.4234580060573792,0.5765419939426208,0.58549,93.75748800625813,0.3193,0.8516,kWh/m3
fips04025,0.159,0.009,0.831,6.512431161546345,0.3586995982073688,0.6413004017926311,0.82671,33.868980487602805,0.1154,0.3076,kWh/m3
fips04027,0.326,0.007,0.668,7.464199389942857,0.1165134866214164,0.8834865133785835,1.25888,17.394050905174925,0.0592,0.158,kWh/m3
fips05001,0.0,0.0,1.0,7.437284543379055,0.5805819202560579,0.4194180797439421,0.41,53.47595850143419,0.1821,0.4857,kWh/m3
fips05003,0.0,0.0,1.0,7.437284543379055,0.9073746969485428,0.0926253030514573,0.41,79.61699729273754,0.2712,0.7231,kWh/m3
fips05017,0.126,0.0,0.874,7.437284543379055,0.7389852614662972,0.2610147385337029,0.73634,68.60538297977894,0.2337,0.6231,kWh/m3
fips05021,0.022,0.0,0.978,7.437284543379055,0.985850243263394,0.0141497567366061,0.46697999999999995,86.46708586043283,0.2945,0.7854,kWh/m3
fips05031,0.007,0.0,0.993,7.437284543379055,0.8595631512510312,0.1404368487489687,0.42813,75.95127941694793,0.2587,0.6898,kWh/m3
fips05035,0.378,0.0,0.622,7.437284543379055,0.9960213581132086,0.0039786418867913,1.38902,96.64819407153097,0.3292,0.8778,kWh/m3
fips05037,0.079,0.0,0.921,7.437284543379055,0.9339852006891416,0.0660147993108582,0.61461,83.6936833947573,0.2851,0.7602,kWh/m3
fips05041,0.018,0.0,0.982,7.437284543379055,0.7778425626002694,0.2221574373997306,0.45661999999999997,69.62502486181319,0.2371,0.6324,kWh/m3
fips05043,0.009,0.0,0.991,7.437284543379055,0.8477816934672666,0.1522183065327334,0.43331,75.05143700897169,0.2556,0.6817,kWh/m3
fips05055,0.042,0.0,0.958,7.437284543379055,0.9761116423161242,0.0238883576838757,0.51878,86.19783106840788,0.2936,0.7829,kWh/m3
fips05063,0.154,0.0,0.846,7.437284543379055,0.7366555485621105,0.2633444514378895,0.8088599999999999,68.9558423254368,0.2349,0.6263,kWh/m3
fips05067,0.023,0.0,0.977,7.437284543379055,0.9512423729266256,0.0487576270733743,0.46957,83.70372149061735,0.2851,0.7603,kWh/m3
fips05069,0.047,0.0,0.953,7.437284543379055,0.8339938283994334,0.1660061716005667,0.53173,74.78194645875087,0.2547,0.6792,kWh/m3
fips05073,0.311,0.0,0.689,7.437284543379055,1.0,0.0,1.21549,95.23725324545417,0.3244,0.865,kWh/m3
fips05075,0.004,0.0,0.996,7.437284543379055,0.9163342289304176,0.0836657710695825,0.42036,80.43046538090263,0.2739,0.7305,kWh/m3
fips05077,0.142,0.0,0.858,7.437284543379055,0.980342318324728,0.0196576816752719,0.7777799999999999,89.12920917067783,0.3036,0.8095,kWh/m3
fips05079,0.0,0.0,1.0,7.437284543379055,0.8996883443722233,0.1003116556277767,0.41,79.00214514424505,0.2691,0.7175,kWh/m3
fips05081,0.0,0.0,1.0,7.437284543379055,0.3356051252775705,0.6643948747224295,0.41,33.87960155218624,0.1154,0.3077,kWh/m3
fips05085,0.001,0.0,0.999,7.437284543379055,0.6864178002275623,0.3135821997724377,0.41258999999999996,61.96017957317625,0.211,0.5628,kWh/m3
fips05093,0.535,0.0,0.465,7.437284543379055,0.9930674967749756,0.0069325032250242,1.79565,100.4987481639209,0.3423,0.9128,kWh/m3
fips05095,0.001,0.0,0.999,7.437284543379055,0.9190645448472802,0.0809354551527197,0.41258999999999996,80.5763646719564,0.2744,0.7318,kWh/m3
fips05107,0.354,0.0,0.646,7.437284543379055,0.9806527409117454,0.0193472590882545,1.32686,94.64406083803655,0.3224,0.8596,kWh/m3
fips05111,0.056,0.0,0.944,7.437284543379055,0.910553229210758,0.0894467707892419,0.55504,81.21750175203051,0.2766,0.7377,kWh/m3
fips05117,0.005,0.0,0.995,7.437284543379055,0.6603036550959347,0.3396963449040653,0.42295,59.940281334398726,0.2042,0.5444,kWh/m3
fips05119,0.213,0.0,0.787,7.437284543379055,0.6926992329820925,0.3073007670179076,0.96167,66.33995280377299,0.226,0.6025,kWh/m3
fips05121,0.0,0.0,1.0,7.437284543379055,0.7371968236915848,0.2628031763084152,0.41,66.00400856251892,0.2248,0.5995,kWh/m3
fips05123,0.228,0.0,0.772,7.437284543379055,0.9484076102928488,0.051592389707151,1.00052,88.60833886956443,0.3018,0.8048,kWh/m3
fips05145,0.052,0.0,0.948,7.437284543379055,0.5391496779618478,0.4608503220381522,0.5446799999999999,50.901871692820635,0.1734,0.4623,kWh/m3
fips05147,0.103,0.0,0.897,7.437284543379055,0.9477459005710565,0.0522540994289437,0.67677,85.42366901628394,0.291,0.7759,kWh/m3
fips06001,0.037,0.963,0.0,4.181998940689655,0.7390082278813466,0.2609917721186535,1.0739999999999998,46.62820043736286,0.1588,0.4235,kWh/m3
fips06005,0.0,0.803,0.197,4.181998940689655,0.7395649741371768,0.2604350258628232,0.8837700000000001,45.223906988848704,0.154,0.4108,kWh/m3
fips06007,0.611,0.306,0.083,4.181998940689655,0.9597154032189872,0.0402845967810127,2.17303,69.20508830053318,0.2357,0.6286,kWh/m3
fips06009,0.006,0.957,0.037,4.181998940689655,0.7389785961007792,0.2610214038992207,0.99017,45.995128874484145,0.1567,0.4178,kWh/m3
fips06011,0.031,0.602,0.366,4.181998940689655,0.9275583953896132,0.0724416046103866,0.8450599999999999,54.565654684557636,0.1859,0.4956,kWh/m3
fips06013,0.236,0.723,0.041,4.181998940689655,0.1658619705846851,0.8341380294153149,1.44781,16.552203923731547,0.0564,0.1503,kWh/m3
fips06015,0.842,0.158,0.0,4.181998940689655,0.739377342613135,0.260622657386865,2.6839999999999997,58.78250816668416,0.2002,0.5339,kWh/m3
fips06017,0.25,0.688,0.062,4.181998940689655,0.7395356806198563,0.2604643193801436,1.46342,49.592138009043346,0.1689,0.4504,kWh/m3
fips06019,0.055,0.472,0.474,4.181998940689655,0.5741102901336197,0.4258897098663803,0.83134,36.373185257670855,0.1239,0.3304,kWh/m3
fips06021,0.24,0.462,0.297,4.181998940689655,0.9592825316553169,0.0407174683446831,1.30377,60.67688397044728,0.2067,0.5511,kWh/m3
fips06023,0.893,0.023,0.084,4.181998940689655,0.739388176890678,0.2606118231093221,2.7364400000000004,59.17851126693167,0.2016,0.5375,kWh/m3
fips06025,0.027,0.056,0.918,4.181998940689655,0.7394065253323253,0.2605934746676747,0.51338,42.42399416568718,0.1445,0.3853,kWh/m3
fips06027,0.0,0.0,1.0,4.181998940689655,0.7394980399757237,0.2605019600242762,0.41,41.649074579109076,0.1419,0.3783,kWh/m3
fips06029,0.182,0.457,0.361,4.181998940689655,0.9309311112689004,0.0690688887310996,1.15101,57.64183424631194,0.1963,0.5235,kWh/m3
fips06031,0.031,0.278,0.691,4.181998940689655,0.956374593585741,0.0436254064142589,0.65431,54.18270130078648,0.1845,0.4921,kWh/m3
fips06033,0.587,0.362,0.051,4.181998940689655,0.7394148684803172,0.2605851315196828,2.14391,54.71428264422532,0.1864,0.497,kWh/m3
fips06035,0.526,0.0,0.474,4.181998940689655,0.7394385443962028,0.2605614556037972,1.77234,51.91506339597539,0.1768,0.4715,kWh/m3
fips06037,0.984,0.014,0.002,4.181998940689655,0.7392790607741672,0.2607209392258328,2.96682,60.906953640342756,0.2074,0.5532,kWh/m3
fips06039,0.043,0.621,0.337,4.181998940689655,0.9825743029803268,0.0174256970196731,0.88817,57.8166943210055,0.1969,0.5251,kWh/m3
fips06041,0.0,1.0,0.0,4.181998940689655,0.7394738105426428,0.2605261894573572,1.0,46.09533642099609,0.157,0.4187,kWh/m3
fips06043,0.0,0.0,1.0,4.181998940689655,0.7395441832987562,0.2604558167012438,0.41,41.65123451886936,0.1419,0.3783,kWh/m3
fips06045,0.145,0.81,0.045,4.181998940689655,0.7394246660803515,0.2605753339196484,1.26345,48.07848383921561,0.1638,0.4367,kWh/m3
fips06047,0.071,0.349,0.58,4.181998940689655,0.7177375863836937,0.2822624136163062,0.7998,43.4824092511665,0.1481,0.3949,kWh/m3
fips06049,0.652,0.032,0.316,4.181998940689655,0.739392825032083,0.2606071749679169,2.11756,54.51425771266708,0.1857,0.4951,kWh/m3
fips06051,0.781,0.0,0.219,4.181998940689655,0.7394469321150806,0.2605530678849193,2.43279,56.893836786765846,0.1938,0.5167,kWh/m3
fips06053,0.449,0.448,0.103,4.181998940689655,0.739408085452443,0.260591914547557,1.83723,52.40230934694468,0.1785,0.476,kWh/m3
fips06055,0.041,0.954,0.005,4.181998940689655,0.7394171687202531,0.260582831279747,1.07905,46.68817443652835,0.159,0.4241,kWh/m3
fips06057,0.435,0.188,0.377,4.181998940689655,0.7394457218027164,0.2605542781972835,1.64757,50.975023579479696,0.1736,0.463,kWh/m3
fips06061,0.534,0.137,0.329,4.181998940689655,0.6973444545230602,0.3026555454769399,1.87389,50.081962996916,0.1706,0.4549,kWh/m3
fips06063,0.449,0.016,0.535,4.181998940689655,0.7394090782975068,0.2605909217024932,1.58235,50.48126337635623,0.1719,0.4585,kWh/m3
fips06065,0.116,0.332,0.553,4.181998940689655,0.7394031165579928,0.2605968834420071,0.90673,45.3886038538714,0.1546,0.4122,kWh/m3
fips06067,0.1,0.245,0.655,4.181998940689655,0.6754331397660851,0.3245668602339149,0.81355,41.428739101581584,0.1411,0.3763,kWh/m3
fips06069,0.255,0.732,0.013,4.181998940689655,0.7393670543464022,0.2606329456535979,1.50233,49.87569362705112,0.1699,0.453,kWh/m3
fips06071,0.713,0.259,0.028,4.181998940689655,0.7393236088238183,0.2606763911761817,2.40948,56.70984707356651,0.1932,0.5151,kWh/m3
fips06073,0.338,0.625,0.037,4.181998940689655,0.7393942847542957,0.2606057152457042,1.6541700000000001,51.02171212646751,0.1738,0.4634,kWh/m3
fips06077,0.186,0.41,0.404,4.181998940689655,0.6104544610151251,0.3895455389848749,1.13364,40.11167690611329,0.1366,0.3643,kWh/m3
fips06079,0.118,0.864,0.017,4.181998940689655,0.7394127551084752,0.2605872448915248,1.22497,47.78778594517116,0.1628,0.434,kWh/m3
fips06081,0.828,0.172,0.0,4.181998940689655,0.7393196936874578,0.2606803063125423,2.656,58.56745445734798,0.1995,0.5319,kWh/m3
fips06083,0.345,0.587,0.068,4.181998940689655,0.7394142358441829,0.2605857641558172,1.64988,50.99056381718474,0.1737,0.4631,kWh/m3
fips06087,0.125,0.874,0.001,4.181998940689655,0.7393251165933019,0.2606748834066981,1.2494100000000001,47.96714626239838,0.1634,0.4357,kWh/m3
fips06089,0.312,0.124,0.564,4.181998940689655,0.6688541025195945,0.3311458974804055,1.29124,44.35064545922808,0.1511,0.4028,kWh/m3
fips06091,0.544,0.0,0.456,4.181998940689655,0.7394107929179,0.2605892070820999,1.8189600000000001,52.26476869116308,0.178,0.4747,kWh/m3
fips06093,0.725,0.072,0.203,4.181998940689655,0.7394150875806732,0.2605849124193268,2.33023,56.11865782390861,0.1911,0.5097,kWh/m3
fips06095,0.025,0.035,0.941,4.181998940689655,0.7393968372094926,0.2606031627905074,0.4958099999999999,42.29110230189824,0.144,0.3841,kWh/m3
fips06097,0.201,0.778,0.021,4.181998940689655,0.7394062029518086,0.2605937970481913,1.38961,49.02836097010893,0.167,0.4453,kWh/m3
fips06099,0.1,0.453,0.447,4.181998940689655,0.6206916964869149,0.3793083035130851,0.93627,39.41760481012178,0.1343,0.358,kWh/m3
fips06101,0.088,0.279,0.633,4.181998940689655,0.764990201266823,0.235009798733177,0.80253,45.90332107602939,0.1563,0.4169,kWh/m3
fips06103,0.428,0.288,0.284,4.181998940689655,0.7394130015980523,0.2605869984019477,1.68844,51.28113025314402,0.1747,0.4658,kWh/m3
fips06105,0.966,0.034,0.0,4.181998940689655,0.7392009514547002,0.2607990485452998,2.9319999999999995,60.638886703420205,0.2065,0.5508,kWh/m3
fips06107,0.087,0.422,0.491,4.181998940689655,0.846980491032887,0.153019508967113,0.88431,50.775380574002334,0.1729,0.4612,kWh/m3
fips06111,0.235,0.714,0.052,4.181998940689655,0.7394255610013201,0.2605744389986799,1.4403199999999998,49.411685390905156,0.1683,0.4488,kWh/m3
fips06113,0.07,0.251,0.679,4.181998940689655,0.3676543690149212,0.6323456309850788,0.73939,25.477779262653073,0.0868,0.2314,kWh/m3
fips06115,0.104,0.311,0.585,4.181998940689655,0.7393943193284986,0.2606056806715013,0.8628499999999999,45.057417417087905,0.1535,0.4092,kWh/m3
fips08001,0.756,0.0,0.244,0.0,0.0489956504449456,0.9510043495550544,2.3680399999999997,8.216347197549936,0.028,0.0746,kWh/m3
fips08003,0.594,0.0,0.406,0.0,0.6565283228144969,0.3434716771855031,1.94846,20.073589968105345,0.0684,0.1823,kWh/m3
fips08007,0.048,0.0,0.952,0.0,0.0031293375463244,0.9968706624536756,0.5343199999999999,7.05068366603213,0.024,0.064,kWh/m3
fips08009,0.876,0.0,0.124,0.0,0.9988585650964728,0.0011414349035271,2.67884,34.309707222457035,0.1169,0.3116,kWh/m3
fips08011,0.149,0.0,0.851,0.0,0.051111090138613,0.948888909861387,0.7959099999999999,7.4483162869747535,0.0254,0.0677,kWh/m3
fips08013,0.147,0.0,0.853,0.0,0.000232693450235,0.9997673065497648,0.7907299999999999,7.035514757307893,0.024,0.0639,kWh/m3
fips08015,0.286,0.0,0.714,0.0,0.0001033843606557,0.9998966156393444,1.1507399999999999,7.034851870735788,0.024,0.0639,kWh/m3
fips08017,0.815,0.0,0.185,0.0,1.0,0.0,2.52085,32.73037716615698,0.1115,0.2973,kWh/m3
fips08021,0.336,0.0,0.664,0.0,0.2026319058292638,0.7973680941707362,1.28024,9.678057809570404,0.033,0.0879,kWh/m3
fips08023,0.634,0.0,0.366,0.0,0.4115546621730929,0.588445337826907,2.05206,15.64255718714492,0.0533,0.1421,kWh/m3
fips08025,0.091,0.003,0.906,0.0,0.3240677454783709,0.6759322545216291,0.64746,9.172486263888134,0.0312,0.0833,kWh/m3
fips08027,0.008,0.0,0.992,0.0,0.0017099981099732,0.9982900018900268,0.43072,7.041147098735245,0.024,0.064,kWh/m3
fips08029,0.092,0.001,0.907,0.0,3.4895559614017686e-05,0.999965104440386,0.6488700000000001,7.033869955981312,0.024,0.0639,kWh/m3
fips08037,0.253,0.0,0.747,0.0,9.208323994865046e-05,0.9999079167600512,1.06527,7.034639077604689,0.024,0.0639,kWh/m3
fips08039,0.554,0.0,0.446,0.0,0.2664238143621147,0.7335761856378854,1.8448600000000002,12.043982040408672,0.041,0.1094,kWh/m3
fips08043,0.075,0.005,0.919,0.0,0.0020024456870398,0.9979975543129602,0.6067899999999999,7.046025117415278,0.024,0.064,kWh/m3
fips08045,0.171,0.0,0.829,0.0,0.0010744875805567,0.9989255124194432,0.8528899999999999,7.042980832951896,0.024,0.064,kWh/m3
fips08049,0.017,0.0,0.983,0.0,0.0,1.0,0.45402999999999993,7.033639143730886,0.024,0.0639,kWh/m3
fips08051,0.009,0.0,0.991,0.0,0.0,1.0,0.43331,7.033639143730886,0.024,0.0639,kWh/m3
fips08053,0.0,0.0,1.0,0.0,0.0121907519701648,0.9878092480298352,0.41,7.084589279386009,0.0241,0.0643,kWh/m3
fips08055,0.065,0.0,0.935,0.0,0.0,1.0,0.57835,7.033639143730886,0.024,0.0639,kWh/m3
fips08057,0.0,0.0,1.0,0.0,0.0,1.0,0.41,7.033639143730886,0.024,0.0639,kWh/m3
fips08059,0.367,0.0,0.633,0.0,0.0019230603551723,0.9980769396448276,1.36053,7.060309697298904,0.024,0.0641,kWh/m3
fips08063,0.905,0.0,0.095,0.0,1.0,0.0,2.7539499999999997,35.1065239551478,0.1196,0.3189,kWh/m3
fips08065,0.009,0.0,0.991,0.0,0.0025496217585128,0.9974503782414872,0.43331,7.044900882815302,0.024,0.064,kWh/m3
fips08067,0.183,0.0,0.817,0.0,0.0003326251551596,0.9996673748448404,0.8839699999999999,7.036636398148892,0.024,0.0639,kWh/m3
fips08069,0.381,0.0,0.619,0.0,0.000709921983225,0.999290078016775,1.39679,7.0437473183175205,0.024,0.064,kWh/m3
fips08071,0.002,0.0,0.998,0.0,0.0011277790336223,0.9988722209663776,0.41518,7.038412143722519,0.024,0.0639,kWh/m3
fips08075,0.803,0.0,0.197,0.0,0.4551428970597371,0.5448571029402628,2.48977,18.585128754458935,0.0633,0.1688,kWh/m3
fips08077,0.115,0.0,0.885,0.0,4.7248429140926014e-05,0.999952751570859,0.7078500000000001,7.033980069322807,0.024,0.0639,kWh/m3
fips08081,0.205,0.0,0.795,0.0,0.0004925715792409,0.9995074284207592,0.94095,7.0383637637868155,0.024,0.0639,kWh/m3
fips08083,0.264,0.0,0.736,0.0,0.0,1.0,1.09376,7.033639143730886,0.024,0.0639,kWh/m3
fips08085,0.065,0.0,0.935,0.0,0.0,1.0,0.57835,7.033639143730886,0.024,0.0639,kWh/m3
fips08087,0.798,0.0,0.202,0.0,0.1221374167006595,0.8778625832993404,2.47682,10.117353684327496,0.0345,0.0919,kWh/m3
fips08089,0.084,0.039,0.877,0.0,0.0366411112688143,0.9633588887311856,0.65057,7.276632087239066,0.0248,0.0661,kWh/m3
fips08091,0.005,0.0,0.995,0.0,0.0002529580458557,0.999747041954144,0.42295,7.03472975133022,0.024,0.0639,kWh/m3
fips08093,0.0,0.0,1.0,0.0,0.0,1.0,0.41,7.033639143730886,0.024,0.0639,kWh/m3
fips08095,0.974,0.0,0.026,0.0,1.0,0.0,2.93266,36.9282364933741,0.1258,0.3354,kWh/m3
fips08097,0.369,0.0,0.631,0.0,0.0,1.0,1.36571,7.033639143730886,0.024,0.0639,kWh/m3
fips08099,0.365,0.0,0.635,0.0,0.3296572079584254,0.6703427920415748,1.35535,11.588184473052515,0.0395,0.1053,kWh/m3
fips08101,0.149,0.006,0.845,0.0,0.0371210502277881,0.962878949772212,0.79945,7.336151107080582,0.025,0.0666,kWh/m3
fips08103,0.069,0.002,0.929,0.0,0.0,1.0,0.58989,7.033639143730886,0.024,0.0639,kWh/m3
fips08105,0.659,0.0,0.341,0.0,0.2098960795282012,0.7901039204717989,2.11681,11.562794292620707,0.0394,0.105,kWh/m3
fips08107,0.046,0.0,0.954,0.0,0.0001389602581054,0.9998610397418946,0.5291399999999999,7.03438867921482,0.024,0.0639,kWh/m3
fips08109,0.494,0.0,0.506,0.0,0.3396318459613315,0.6603681540386684,1.68946,12.882715784687369,0.0439,0.117,kWh/m3
fips08113,0.061,0.0,0.939,0.0,0.0,1.0,0.56799,7.033639143730886,0.024,0.0639,kWh/m3
fips08115,0.831,0.0,0.169,0.0,0.5701803148808442,0.4298196851191558,2.56229,21.926272365097226,0.0747,0.1991,kWh/m3
fips08117,0.074,0.0,0.926,0.0,0.0004789071568555,0.9995210928431444,0.60166,7.036576343323074,0.024,0.0639,kWh/m3
fips08121,0.871,0.0,0.129,0.0,0.8989803062968591,0.1010196937031408,2.66589,31.463635155491676,0.1072,0.2858,kWh/m3
fips08123,0.567,0.0,0.433,0.0,0.0787533600145208,0.9212466399854792,1.8785299999999998,8.541697751152677,0.0291,0.0776,kWh/m3
fips08125,0.985,0.0,0.015,0.0,0.9965857376260572,0.0034142623739429,2.96115,37.11559487228745,0.1264,0.3371,kWh/m3
fips10001,0.992,0.008,0.0,7.437284543379055,0.8707416152165306,0.1292583847834694,2.984,99.5335997546681,0.339,0.904,kWh/m3
fips10005,0.991,0.009,0.0,7.437284543379055,0.8708381143231096,0.1291618856768904,2.9819999999999998,99.52609688432352,0.339,0.904,kWh/m3
fips12001,0.814,0.183,0.003,7.437284543379055,0.9988659465515396,0.0011340534484602,2.6262299999999996,109.50154923555048,0.373,0.9946,kWh/m3
fips12009,0.185,0.191,0.624,7.437284543379055,0.935960606932244,0.0640393930677558,1.00184,87.55033771251638,0.2982,0.7952,kWh/m3
fips12011,0.761,0.237,0.002,7.437284543379055,0.3357175353230004,0.6642824646769996,2.52082,41.11223561459723,0.14,0.3734,kWh/m3
fips12015,0.035,0.587,0.378,7.437284543379055,0.6075633036506551,0.3924366963493449,0.84698,58.340623183398215,0.1987,0.5299,kWh/m3
fips12021,0.144,0.38,0.476,7.437284543379055,0.8570129520217088,0.1429870479782913,1.0071599999999998,80.805283856319,0.2752,0.7339,kWh/m3
fips12027,0.024,0.774,0.202,7.437284543379055,0.9949010411890488,0.0050989588109513,0.92882,91.88018471869778,0.3129,0.8345,kWh/m3
fips12035,0.314,0.057,0.629,7.437284543379055,0.9801178495804466,0.0198821504195535,1.2568899999999998,93.89720343867215,0.3198,0.8528,kWh/m3
fips12041,0.916,0.084,0.0,7.437284543379055,0.9993004730277404,0.0006995269722596,2.8320000000000003,111.64221102808513,0.3803,1.014,kWh/m3
fips12043,0.028,0.141,0.832,7.437284543379055,0.0831227324661741,0.9168772675338258,0.56612,13.815136133311512,0.0471,0.1255,kWh/m3
fips12047,0.85,0.15,0.0,7.437284543379055,0.9995392912977084,0.0004607087022915,2.6999999999999997,110.32226511898381,0.3758,1.002,kWh/m3
fips12049,0.09,0.79,0.12,7.437284543379055,0.9919710968457316,0.0080289031542684,1.1092,93.45428793752102,0.3183,0.8488,kWh/m3
fips12051,0.01,0.32,0.67,7.437284543379055,0.3620056203801206,0.6379943796198793,0.6247,36.78372799307724,0.1253,0.3341,kWh/m3
fips12055,0.062,0.896,0.042,7.437284543379055,0.8481827573220436,0.1518172426779564,1.09922,80.84114129964728,0.2753,0.7343,kWh/m3
fips12057,0.148,0.723,0.129,7.437284543379055,0.9549146630701788,0.0450853369298211,1.21989,91.30339360071905,0.311,0.8293,kWh/m3
fips12061,0.058,0.648,0.293,7.437284543379055,0.5571619228924406,0.4428380771075593,0.94213,54.62477797861321,0.1861,0.4961,kWh/m3
fips12063,0.91,0.09,0.0,7.437284543379055,0.9972556048050027,0.0027443951949972,2.82,111.30616208934234,0.3791,1.011,kWh/m3
fips12069,0.264,0.736,0.0,7.437284543379055,0.9247361846358712,0.0752638153641288,1.528,91.54457719489596,0.3118,0.8315,kWh/m3
fips12071,0.383,0.434,0.184,7.437284543379055,0.609282949395187,0.390717050604813,1.6584400000000001,63.52568681627096,0.2164,0.577,kWh/m3
fips12075,0.825,0.143,0.032,7.437284543379055,0.9977996848497132,0.0022003151502868,2.6311199999999997,109.44190499819611,0.3728,0.994,kWh/m3
fips12079,0.966,0.034,0.0,7.437284543379055,0.9993720537570744,0.0006279462429257,2.9319999999999995,112.66843211119482,0.3837,1.0233,kWh/m3
fips12081,0.134,0.636,0.229,7.437284543379055,0.9866063687240384,0.0133936312759616,1.13189,93.21510886040447,0.3175,0.8466,kWh/m3
fips12083,0.812,0.168,0.021,7.437284543379055,0.9701395905036728,0.029860409496327,2.61261,106.41998549356627,0.3625,0.9666,kWh/m3
fips12085,0.34,0.213,0.447,7.437284543379055,0.1041783067892215,0.8958216932107784,1.41627,16.435762705354218,0.056,0.1493,kWh/m3
fips12086,0.851,0.145,0.004,7.437284543379055,0.9279125536567768,0.0720874463432232,2.69964,102.91722262255774,0.3505,0.9348,kWh/m3
fips12093,0.199,0.29,0.512,7.437284543379055,0.8406743242756785,0.1593256757243215,1.09692,80.16805950800827,0.2731,0.7281,kWh/m3
fips12095,0.555,0.445,0.0,7.437284543379055,0.8678758883061559,0.1321241116938441,2.11,91.49702399588918,0.3116,0.831,kWh/m3
fips12097,0.251,0.451,0.298,7.437284543379055,0.8351711214683994,0.1648288785316005,1.32618,81.64110612275677,0.2781,0.7415,kWh/m3
fips12099,0.129,0.024,0.847,7.437284543379055,0.0551044481858611,0.9448955518141388,0.75827,11.63722233119296,0.0396,0.1057,kWh/m3
fips12101,0.38,0.545,0.076,7.437284543379055,0.9842597607007758,0.0157402392992241,1.7161600000000001,98.87224399443517,0.3368,0.898,kWh/m3
fips12105,0.048,0.946,0.006,7.437284543379055,0.9309524871407598,0.0690475128592401,1.09246,87.97947907578039,0.2997,0.7991,kWh/m3
fips12107,0.288,0.107,0.604,7.437284543379055,0.9979782643700694,0.0020217356299306,1.2186399999999997,95.09097402976262,0.3239,0.8637,kWh/m3
fips12109,0.08,0.013,0.907,7.437284543379055,0.99664035493504,0.0033596450649598,0.62487,88.94055622481596,0.3029,0.8078,kWh/m3
fips12111,0.192,0.507,0.301,7.437284543379055,0.3752855545373644,0.6247144454626355,1.20641,40.100445463441375,0.1366,0.3642,kWh/m3
fips12121,0.925,0.075,0.0,7.437284543379055,0.9972943679136138,0.0027056320863861,2.8500000000000005,111.61519812677577,0.3802,1.0138,kWh/m3
fips12127,0.147,0.853,0.0,7.437284543379055,0.9123156853162908,0.0876843146837092,1.294,88.23331133419366,0.3005,0.8014,kWh/m3
fips13007,0.994,0.006,0.0,7.437284543379055,0.9367778109135476,0.0632221890864525,2.988,106.58690349334834,0.363,0.9681,kWh/m3
fips13027,0.954,0.046,0.0,7.437284543379055,0.9666501925533778,0.0333498074466221,2.908,108.97320383156824,0.3712,0.9898,kWh/m3
fips13033,0.988,0.012,0.0,7.437284543379055,0.8722185038271221,0.1277814961728779,2.976,99.61936253162257,0.3393,0.9048,kWh/m3
fips13037,0.991,0.009,0.0,7.437284543379055,0.391262087939244,0.608737912060756,2.9819999999999998,48.58991870821183,0.1655,0.4413,kWh/m3
fips13069,0.986,0.014,0.0,7.437284543379055,0.6388274574578056,0.3611725425421945,2.972,74.81892740878364,0.2548,0.6796,kWh/m3
fips13071,0.948,0.052,0.0,7.437284543379055,0.4194055753800935,0.5805944246199065,2.896,51.211387864241786,0.1744,0.4651,kWh/m3
fips13081,0.957,0.043,0.0,7.437284543379055,0.7928102044458774,0.2071897955541226,2.914,90.68913369127215,0.3089,0.8237,kWh/m3
fips13087,0.969,0.031,0.0,7.437284543379055,0.9857323548370662,0.0142676451629337,2.938,111.28698945004741,0.379,1.0108,kWh/m3
fips13093,0.983,0.017,0.0,7.437284543379055,0.8860232178383797,0.1139767821616202,2.9659999999999997,100.99441026720682,0.344,0.9173,kWh/m3
fips13095,0.875,0.125,0.0,7.437284543379055,0.9993840160337538,0.0006159839662462,2.75,110.81558959674561,0.3774,1.0065,kWh/m3
fips13099,0.988,0.012,0.0,7.437284543379055,0.8844403341193762,0.1155596658806237,2.976,100.91670602269424,0.3437,0.9166,kWh/m3
fips13155,0.972,0.028,0.0,7.437284543379055,0.5748210261572307,0.4251789738427692,2.944,67.86320727885165,0.2311,0.6164,kWh/m3
fips13163,0.979,0.021,0.0,7.437284543379055,0.913690158427714,0.086309841572286,2.9579999999999997,103.85391622162255,0.3537,0.9433,kWh/m3
fips13177,0.98,0.02,0.0,7.437284543379055,0.8798211837168983,0.1201788162831017,2.96,100.28288679303944,0.3416,0.9108,kWh/m3
fips13193,0.975,0.025,0.0,7.437284543379055,0.8072395108180476,0.1927604891819524,2.9499999999999997,92.50791532645437,0.3151,0.8402,kWh/m3
fips13201,0.999,0.001,0.0,7.437284543379055,0.9873182233021582,0.0126817766978418,2.9979999999999998,112.05857895026993,0.3817,1.0178,kWh/m3
fips13205,0.929,0.071,0.0,7.437284543379055,0.9699193112230668,0.030080688776933,2.858,108.82360135738733,0.3707,0.9884,kWh/m3
fips13235,0.992,0.008,0.0,7.437284543379055,0.7780151149390353,0.2219848850609647,2.984,89.6831487444388,0.3055,0.8146,kWh/m3
fips13243,0.995,0.005,0.0,7.437284543379055,0.5233689834532439,0.476631016546756,2.9899999999999998,62.6637850320695,0.2134,0.5692,kWh/m3
fips13251,0.968,0.032,0.0,7.437284543379055,0.8577736884211418,0.1422263115788583,2.936,97.73629504399867,0.3329,0.8877,kWh/m3
fips13253,0.99,0.01,0.0,7.437284543379055,0.9936999604173156,0.0063000395826845,2.9799999999999995,112.55509927025156,0.3834,1.0223,kWh/m3
fips13261,0.991,0.009,0.0,7.437284543379055,0.7491132461372327,0.2508867538627672,2.9819999999999998,86.59759497164299,0.295,0.7865,kWh/m3
fips13273,0.992,0.008,0.0,7.437284543379055,0.6941438860746277,0.3058561139253723,2.984,80.77340418787551,0.2751,0.7336,kWh/m3
fips13277,0.942,0.058,0.0,7.437284543379055,0.5716914605904181,0.4283085394095819,2.8839999999999995,67.1823673371425,0.2288,0.6102,kWh/m3
fips13287,0.973,0.027,0.0,7.437284543379055,0.6802638197650727,0.3197361802349272,2.946,79.03540066449207,0.2692,0.7179,kWh/m3
fips13315,0.955,0.045,0.0,7.437284543379055,0.779214348748922,0.2207856512510779,2.9099999999999997,89.22275827511616,0.3039,0.8104,kWh/m3
fips13321,0.987,0.013,0.0,7.437284543379055,0.8247929373192262,0.1752070626807737,2.9739999999999998,94.56833802038601,0.3221,0.8589,kWh/m3
fips16001,0.35,0.0,0.65,7.437284543379055,0.1847280243079549,0.8152719756920451,1.3164999999999998,23.517526237675085,0.0801,0.2136,kWh/m3
fips16003,0.29,0.0,0.71,7.437284543379055,0.0238623430246444,0.9761376569753556,1.1610999999999998,9.125153939163214,0.0311,0.0829,kWh/m3
fips16005,0.71,0.0,0.29,7.437284543379055,0.2181320734763641,0.7818679265236359,2.2489,28.571534337634883,0.0973,0.2595,kWh/m3
fips16007,0.57,0.0,0.43,7.437284543379055,0.0118725425104033,0.9881274574895966,1.8862999999999999,8.162025013665717,0.0278,0.0741,kWh/m3
fips16011,0.9,0.0,0.1,7.437284543379055,0.5432656786474857,0.4567343213525142,2.741,63.39972130403706,0.2159,0.5758,kWh/m3
fips16013,0.62,0.0,0.38,7.437284543379055,0.3904357111877046,0.6095642888122955,2.0158,44.65669507249439,0.1521,0.4056,kWh/m3
fips16019,0.85,0.0,0.15,7.437284543379055,0.2839166874872237,0.7160833125127762,2.6115,36.116387572161,0.123,0.328,kWh/m3
fips16021,0.37,0.0,0.63,7.437284543379055,0.4112701663903496,0.5887298336096504,1.3682999999999998,43.94978817859117,0.1497,0.3992,kWh/m3
fips16023,0.71,0.0,0.29,7.437284543379055,0.563035077649618,0.4369649223503819,2.2489,62.626520555657045,0.2133,0.5688,kWh/m3
fips16025,0.6,0.0,0.4,7.437284543379055,0.6408345026463877,0.3591654973536122,1.9639999999999997,68.44717130064718,0.2331,0.6217,kWh/m3
fips16027,0.34,0.01,0.65,7.437284543379055,0.2621503297416843,0.7378496702583158,1.2965,30.37272678837558,0.1034,0.2759,kWh/m3
fips16029,0.69,0.0,0.31,7.437284543379055,0.1847158243395836,0.8152841756604163,2.1971,25.174549265390464,0.0857,0.2287,kWh/m3
fips16031,0.76,0.0,0.24,7.437284543379055,0.6312188464093598,0.3687811535906402,2.3784,70.1921006543314,0.2391,0.6375,kWh/m3
fips16033,0.66,0.0,0.34,7.437284543379055,0.4008666110884545,0.5991333889115454,2.1194,46.085175801689864,0.157,0.4186,kWh/m3
fips16035,0.58,0.0,0.42,7.437284543379055,0.1736100471778323,0.8263899528221677,1.9121999999999997,23.579658029199297,0.0803,0.2142,kWh/m3
fips16037,0.45,0.0,0.55,7.437284543379055,0.1052866882779067,0.8947133117220933,1.5755000000000001,16.70668946722412,0.0569,0.1517,kWh/m3
fips16039,0.9,0.0,0.1,7.437284543379055,0.2839238719512232,0.7160761280487767,2.741,36.49192617102415,0.1243,0.3314,kWh/m3
fips16041,0.8,0.0,0.2,7.437284543379055,0.0937222288961139,0.9062777711038862,2.482,16.51026968868763,0.0562,0.15,kWh/m3
fips16043,0.81,0.0,0.19,7.437284543379055,0.1735005401854926,0.8264994598145075,2.5079000000000002,24.622781758620565,0.0839,0.2236,kWh/m3
fips16045,0.1,0.0,0.9,7.437284543379055,0.0588988667896494,0.9411011332103506,0.669,11.900621544133301,0.0405,0.1081,kWh/m3
fips16047,0.6,0.0,0.4,7.437284543379055,0.2839166874872236,0.7160833125127763,1.9639999999999997,34.24242166851189,0.1166,0.311,kWh/m3
fips16049,0.49,0.0,0.51,7.437284543379055,0.0236675423621883,0.9763324576378116,1.6791,9.23305216483611,0.0314,0.0839,kWh/m3
fips16051,0.6,0.0,0.4,7.437284543379055,0.5432656786474858,0.4567343213525142,1.9639999999999997,59.09679131107992,0.2013,0.5368,kWh/m3
fips16053,0.8,0.0,0.2,7.437284543379055,0.150914599095965,0.849085400904035,2.482,22.29321967566618,0.0759,0.2025,kWh/m3
fips16055,0.8,0.0,0.2,7.437284543379055,0.358879458757281,0.641120541242719,2.482,43.32138091934086,0.1476,0.3935,kWh/m3
fips16057,0.36,0.0,0.64,7.437284543379055,0.6789469914157956,0.3210530085842044,1.3424,67.79755765858279,0.2309,0.6158,kWh/m3
fips16059,0.41,0.0,0.59,7.437284543379055,0.0237539430631871,0.9762460569368128,1.4719,9.190909912159558,0.0313,0.0835,kWh/m3
fips16061,0.58,0.0,0.42,7.437284543379055,0.2729801331811229,0.727019866818877,1.9121999999999997,33.050188948282,0.1126,0.3002,kWh/m3
fips16063,0.6,0.0,0.4,7.437284543379055,0.4216324694160832,0.5783675305839169,1.9639999999999997,47.440232596413495,0.1616,0.4309,kWh/m3
fips16065,0.84,0.0,0.16,7.437284543379055,0.3269727947707784,0.6730272052292215,2.5856,40.44047472796622,0.1377,0.3673,kWh/m3
fips16067,0.83,0.0,0.17,7.437284543379055,0.6312219321822511,0.3687780678177489,2.5597,71.35897960721536,0.243,0.6481,kWh/m3
fips16069,0.52,0.0,0.48,7.437284543379055,0.0821906536845965,0.9178093463154032,1.7568000000000001,14.736675011740767,0.0502,0.1338,kWh/m3
fips16071,0.68,0.0,0.32,7.437284543379055,0.4830917441574076,0.5169082558425924,2.1712,54.350454197456465,0.1851,0.4936,kWh/m3
fips16073,0.56,0.0,0.44,7.437284543379055,0.1734838635793563,0.8265161364206437,1.8604,23.476026879994507,0.08,0.2132,kWh/m3
fips16075,0.14,0.01,0.85,7.437284543379055,0.1167394488042483,0.8832605511957518,0.7785,16.810460337293918,0.0573,0.1527,kWh/m3
fips16077,0.96,0.0,0.04,7.437284543379055,0.6789262073867347,0.3210737926132652,2.8964,78.55055306184774,0.2675,0.7134,kWh/m3
fips16081,0.75,0.0,0.25,7.437284543379055,0.2730593192345667,0.7269406807654333,2.3525,34.28330176216277,0.1168,0.3114,kWh/m3
fips16083,0.5,0.0,0.5,7.437284543379055,0.2839146312689095,0.7160853687310905,1.705,33.49264368082482,0.1141,0.3042,kWh/m3
fips16085,0.249,0.0,0.751,7.437284543379055,0.0122676645877064,0.9877323354122935,1.05491,8.09561054303491,0.0276,0.0735,kWh/m3
fips16087,0.39,0.01,0.6,7.437284543379055,0.2292170532151638,0.7707829467848363,1.426,27.743282006532674,0.0945,0.252,kWh/m3
fips17017,1.0,0.0,0.0,7.437284543379055,0.9793045024375372,0.0206954975624629,3.0,111.22609323703182,0.3788,1.0102,kWh/m3
fips17101,1.0,0.0,0.0,7.437284543379055,1.0,0.0,3.0,113.42797699672836,0.3863,1.0302,kWh/m3
fips17125,1.0,0.0,0.0,7.437284543379055,0.999622968585846,0.0003770314141541,3.0,113.38786298906969,0.3862,1.0299,kWh/m3
fips17179,1.0,0.0,0.0,7.437284543379055,1.0,0.0,3.0,113.42797699672836,0.3863,1.0302,kWh/m3
fips17193,1.0,0.0,0.0,7.437284543379055,0.986392850005992,0.0136071499940079,3.0,111.98025328304946,0.3814,1.0171,kWh/m3
fips17195,1.0,0.0,0.0,7.437284543379055,0.9913116265924504,0.0086883734075496,3.0,112.50358326101254,0.3832,1.0218,kWh/m3
fips18073,1.0,0.0,0.0,7.437284543379055,0.2848798494620627,0.7151201505379374,3.0,37.343242094908646,0.1272,0.3392,kWh/m3
fips18091,1.0,0.0,0.0,7.437284543379055,0.4951404797031692,0.5048595202968308,3.0,59.71378262596511,0.2034,0.5424,kWh/m3
fips20009,0.833,0.056,0.111,11.407185720000005,1.0,0.0,2.60051,149.82360570846078,0.5103,1.3608,kWh/m3
fips20023,0.99,0.008,0.002,11.407185720000005,1.0,0.0,2.97882,153.6799767584098,0.5234,1.3958,kWh/m3
fips20027,0.847,0.009,0.144,11.407185720000005,0.739522049337498,0.260477950662502,2.60904,112.69427083008512,0.3838,1.0236,kWh/m3
fips20029,0.895,0.0,0.105,11.407185720000005,0.9544901736562302,0.0455098263437696,2.72805,144.5661936498935,0.4924,1.313,kWh/m3
fips20039,0.952,0.012,0.036,11.407185720000005,1.0,0.0,2.8827599999999998,152.70077186544344,0.5201,1.3869,kWh/m3
fips20047,0.983,0.008,0.008,11.407185720000005,1.0,0.0,2.96028,153.49098593272174,0.5228,1.3941,kWh/m3
fips20055,0.963,0.009,0.029,11.407185720000005,1.0,0.0,2.90989,152.97732640163102,0.521,1.3894,kWh/m3
fips20057,0.981,0.009,0.011,11.407185720000005,1.0,0.0,2.95651,153.45255575942917,0.5227,1.3938,kWh/m3
fips20063,0.948,0.008,0.044,11.407185720000005,1.0,0.0,2.87004,152.57110825688076,0.5197,1.3858,kWh/m3
fips20065,1.0,0.0,0.0,11.407185720000005,1.0,0.0,3.0,153.8958788990826,0.5242,1.3978,kWh/m3
fips20067,0.99,0.001,0.009,11.407185720000005,1.0,0.0,2.97469,153.6378768603466,0.5233,1.3954,kWh/m3
fips20069,0.98,0.005,0.015,11.407185720000005,1.0,0.0,2.95115,153.39791763506628,0.5225,1.3933,kWh/m3
fips20071,0.97,0.0,0.03,11.407185720000005,1.0,0.0,2.9223000000000003,153.103829969419,0.5215,1.3906,kWh/m3
fips20075,0.962,0.0,0.038,11.407185720000005,0.902418885276744,0.0975811147232559,2.90158,138.65953527755852,0.4723,1.2594,kWh/m3
fips20079,0.851,0.073,0.076,11.407185720000005,0.9904411313627124,0.0095588686372874,2.6571599999999997,149.03064716404816,0.5076,1.3536,kWh/m3
fips20081,0.967,0.02,0.014,11.407185720000005,1.0,0.0,2.9267399999999997,153.1490899082569,0.5216,1.391,kWh/m3
fips20083,0.861,0.029,0.11,11.407185720000005,0.9976280377717324,0.0023719622282676,2.6571000000000002,150.06040535682567,0.5111,1.3629,kWh/m3
fips20089,0.993,0.0,0.007,11.407185720000005,0.0417384437873504,0.9582615562126496,2.9818700000000002,13.155726741307573,0.0448,0.1195,kWh/m3
fips20093,0.98,0.001,0.019,11.407185720000005,0.7614834797068026,0.2385165202931973,2.94879,118.46930016158993,0.4035,1.076,kWh/m3
fips20095,0.986,0.007,0.007,11.407185720000005,0.9899989225005053,0.0100010774994948,2.96787,152.1028509040237,0.5181,1.3815,kWh/m3
fips20097,0.992,0.003,0.005,11.407185720000005,1.0,0.0,2.98105,153.70270866462795,0.5235,1.396,kWh/m3
fips20101,0.898,0.038,0.064,11.407185720000005,1.0,0.0,2.75824,151.431454841998,0.5158,1.3754,kWh/m3
fips20113,0.715,0.176,0.109,11.407185720000005,0.9617591450878292,0.0382408549121706,2.36569,142.06105176216232,0.4839,1.2903,kWh/m3
fips20119,0.98,0.009,0.011,11.407185720000005,1.0,0.0,2.95351,153.42197471967384,0.5226,1.3935,kWh/m3
fips20123,0.926,0.0,0.074,11.407185720000005,0.0490104361646517,0.9509895638353484,2.80834,14.135668866942146,0.0481,0.1284,kWh/m3
fips20129,0.992,0.001,0.007,11.407185720000005,1.0,0.0,2.97987,153.69068012232418,0.5235,1.3959,kWh/m3
fips20137,0.845,0.016,0.139,11.407185720000005,0.9853314361096404,0.0146685638903595,2.60799,147.80421222748794,0.5034,1.3425,kWh/m3
fips20145,0.877,0.06,0.063,11.407185720000005,0.9976795645598396,0.0023204354401602,2.7168300000000003,150.67524825041727,0.5132,1.3685,kWh/m3
fips20147,0.925,0.021,0.054,11.407185720000005,0.3239307864021063,0.6760692135978937,2.8181400000000005,54.00632973808063,0.1839,0.4905,kWh/m3
fips20151,0.991,0.006,0.003,11.407185720000005,1.0,0.0,2.9802299999999997,153.69434984709483,0.5235,1.396,kWh/m3
fips20153,0.96,0.015,0.025,11.407185720000005,1.0,0.0,2.90525,152.9300277268094,0.5209,1.389,kWh/m3
fips20155,0.969,0.01,0.021,11.407185720000005,1.0,0.0,2.92561,153.13757104994906,0.5216,1.3909,kWh/m3
fips20157,0.855,0.018,0.127,11.407185720000005,0.8710593119425812,0.1289406880574188,2.63507,131.7190377735472,0.4486,1.1964,kWh/m3
fips20159,0.984,0.002,0.014,11.407185720000005,0.9983087191810782,0.0016912808189217,2.95974,153.23779015395405,0.5219,1.3918,kWh/m3
fips20165,0.585,0.031,0.384,11.407185720000005,0.9972421007272256,0.0027578992727743,1.9434399999999998,142.7503164019952,0.4862,1.2966,kWh/m3
fips20171,0.863,0.012,0.125,11.407185720000005,1.0,0.0,2.65225,150.35102670744143,0.5121,1.3656,kWh/m3
fips20173,0.902,0.01,0.088,11.407185720000005,0.990668073248832,0.0093319267511681,2.75208,150.0217379148893,0.511,1.3626,kWh/m3
fips20175,0.996,0.003,0.001,12.229459920000002,1.0,0.0,2.99141,162.19031518858307,0.5524,1.4731,kWh/m3
fips20179,0.982,0.013,0.005,11.407185720000005,1.0,0.0,2.9610499999999997,153.49883506625895,0.5228,1.3942,kWh/m3
fips20181,0.99,0.003,0.007,11.407185720000005,1.0,0.0,2.9758699999999996,153.6499054026504,0.5233,1.3955,kWh/m3
fips20185,0.981,0.009,0.01,11.407185720000005,1.0,0.0,2.9561,153.4483763506626,0.5226,1.3937,kWh/m3
fips20187,0.947,0.023,0.03,11.407185720000005,1.0,0.0,2.8762999999999996,152.63492069317027,0.5199,1.3863,kWh/m3
fips20189,0.993,0.001,0.006,10.58491152,1.0,0.0,2.98246,145.33508175331292,0.495,1.32,kWh/m3
fips20193,0.99,0.004,0.006,11.407185720000005,1.0,0.0,2.97646,153.65591967380226,0.5234,1.3956,kWh/m3
fips20199,0.983,0.014,0.003,11.407185720000005,1.0,0.0,2.9642299999999997,153.53125096839963,0.5229,1.3945,kWh/m3
fips20203,0.96,0.0,0.04,11.407185720000005,1.0,0.0,2.8964,152.83981365953113,0.5206,1.3882,kWh/m3
fips22001,0.0,0.0,1.0,7.437284543379055,0.7340609839154322,0.2659390160845678,0.41,65.75316425053201,0.224,0.5972,kWh/m3
fips22003,0.0,0.0,1.0,7.437284543379055,0.7847754954516827,0.2152245045483172,0.41,69.80995530561293,0.2378,0.6341,kWh/m3
fips22009,0.017,0.0,0.983,7.437284543379055,0.9199875890571336,0.0800124109428662,0.45402999999999993,81.03885261217931,0.276,0.736,kWh/m3
fips22019,0.016,0.0,0.984,7.437284543379055,0.7864560327509756,0.2135439672490244,0.45143999999999995,70.27660558461918,0.2394,0.6383,kWh/m3
fips22023,0.0,0.0,1.0,7.437284543379055,0.4393028665839838,0.5606971334160161,0.41,42.17466457499089,0.1436,0.3831,kWh/m3
fips22025,0.282,0.0,0.718,7.437284543379055,0.6217611013899007,0.3782388986100993,1.14038,61.399165686487876,0.2091,0.5577,kWh/m3
fips22029,0.187,0.0,0.813,7.437284543379055,0.8115344459684143,0.1884655540315855,0.8943299999999998,75.9571069570184,0.2587,0.6899,kWh/m3
fips22035,0.225,0.0,0.775,7.437284543379055,0.8418556983723604,0.1581443016276395,0.99275,79.37688703179914,0.2704,0.721,kWh/m3
fips22039,0.0,0.0,1.0,7.437284543379055,0.9144892286895414,0.0855107713104585,0.41,80.18610794477136,0.2731,0.7283,kWh/m3
fips22041,0.095,0.0,0.905,7.437284543379055,0.7759927208711582,0.2240072791288417,0.65605,71.05370737244898,0.242,0.6454,kWh/m3
fips22053,0.004,0.0,0.996,7.437284543379055,0.7339538387180404,0.2660461612819595,0.42036,65.8221037298157,0.2242,0.5978,kWh/m3
fips22065,0.332,0.0,0.668,7.437284543379055,0.8801976740918239,0.1198023259081761,1.2698800000000001,85.1582668605203,0.29,0.7735,kWh/m3
fips22067,0.062,0.0,0.938,7.437284543379055,0.7101071735656025,0.2898928264343975,0.57058,64.99940934959332,0.2214,0.5904,kWh/m3
fips22069,0.361,0.0,0.639,7.437284543379055,0.1329686233612744,0.8670313766387255,1.34499,18.937481712679688,0.0645,0.172,kWh/m3
fips22073,0.056,0.0,0.944,7.437284543379055,0.344527586121098,0.655472413878902,0.55504,35.102714397826624,0.1196,0.3188,kWh/m3
fips22077,0.0,0.0,1.0,7.437284543379055,1.0,0.0,0.41,87.02634600794143,0.2964,0.7904,kWh/m3
fips22079,0.0,0.0,1.0,7.437284543379055,0.2899681372863427,0.7100318627136574,0.41,30.228975349638453,0.103,0.2746,kWh/m3
fips22083,0.086,0.0,0.914,7.437284543379055,0.7319413406741453,0.2680586593258547,0.6327400000000001,67.24551053571989,0.229,0.6108,kWh/m3
fips22097,0.001,0.0,0.999,7.437284543379055,0.8618482914371203,0.1381517085628796,0.41258999999999996,75.99797108263999,0.2588,0.6903,kWh/m3
fips22107,0.196,0.0,0.804,7.437284543379055,0.8775105016408681,0.1224894983591319,0.91764,81.76895032856427,0.2785,0.7427,kWh/m3
fips22113,0.0,0.0,1.0,7.437284543379055,0.44038986484138,0.55961013515862,0.41,42.261616507956695,0.1439,0.3838,kWh/m3
fips22123,0.176,0.0,0.824,7.437284543379055,0.8484142363813908,0.1515857636186092,0.8658399999999999,78.84290590265569,0.2685,0.7161,kWh/m3
fips24011,0.909,0.085,0.006,7.437284543379055,0.7978377096909316,0.2021622903090683,2.8144600000000004,90.41007529894036,0.3079,0.8212,kWh/m3
fips24019,0.909,0.085,0.006,7.437284543379055,0.9555767548720572,0.0444232451279428,2.8144600000000004,106.89427912884278,0.3641,0.9709,kWh/m3
fips24035,0.909,0.085,0.006,7.437284543379055,0.8358123286759094,0.1641876713240906,2.8144600000000004,94.3785370009398,0.3215,0.8572,kWh/m3
fips25023,0.134,0.006,0.86,7.437284543379055,0.8585330111642225,0.1414669888357775,0.7605999999999999,78.77833335579874,0.2683,0.7155,kWh/m3
fips26005,0.939,0.058,0.003,3.281562720000001,0.5837131884126987,0.4162868115873012,2.8762299999999996,43.67364752472685,0.1488,0.3967,kWh/m3
fips26009,0.939,0.058,0.003,3.754159805856481,0.9970275849955408,0.002972415004459,2.8762299999999996,74.42081076159162,0.2535,0.6759,kWh/m3
fips26021,0.939,0.058,0.003,3.402720144000001,0.78655979793168,0.2134402020683201,2.8762299999999996,57.37787723229085,0.1954,0.5211,kWh/m3
fips26023,0.939,0.058,0.003,2.150915154994819,0.7241597195982263,0.2758402804017737,2.8762299999999996,44.14328262814099,0.1504,0.4009,kWh/m3
fips26027,0.939,0.058,0.003,3.9574195023874754,0.957626537746614,0.0423734622533859,2.8762299999999996,73.74193795255033,0.2512,0.6698,kWh/m3
fips26077,0.939,0.058,0.003,2.971957494033149,0.8545587667141274,0.1454412332858725,2.8762299999999996,57.97777668108002,0.1975,0.5266,kWh/m3
fips26107,0.939,0.058,0.003,3.754159805856481,0.959110381348513,0.0408896186514869,2.8762299999999996,71.85806009362184,0.2447,0.6527,kWh/m3
fips26117,0.939,0.058,0.003,3.754159805856481,0.9218801985990124,0.0781198014009876,2.8762299999999996,69.34174384313802,0.2362,0.6298,kWh/m3
fips26149,0.939,0.058,0.003,3.754159805856481,0.8320921978973446,0.1679078021026554,2.8762299999999996,63.273146039462446,0.2155,0.5747,kWh/m3
fips26159,0.939,0.058,0.003,3.754159805856481,0.9442153352126506,0.0557846647873494,2.8762299999999996,70.85133265165462,0.2413,0.6435,kWh/m3
fips27037,1.0,0.0,0.0,7.6496418,0.9764552917902328,0.0235447082097672,3.0,113.0366879845103,0.385,1.0267,kWh/m3
fips27057,1.0,0.0,0.0,2.4668226000000004,0.9972398371165084,0.0027601628834916,3.0,62.60686319234298,0.2132,0.5686,kWh/m3
fips27097,1.0,0.0,0.0,2.697360897478992,0.9922821313973156,0.0077178686026844,3.0,64.66248129143911,0.2202,0.5873,kWh/m3
fips27111,1.0,0.0,0.0,2.93028624,0.9887369003220372,0.0112630996779628,3.0,66.80420830744167,0.2275,0.6068,kWh/m3
fips27121,1.0,0.0,0.0,1.74920148,0.9979099082758206,0.0020900917241794,3.0,55.3442937134576,0.1885,0.5027,kWh/m3
fips27141,1.0,0.0,0.0,3.035113162325582,0.9962441150117816,0.0037558849882184,3.0,68.32258890312949,0.2327,0.6206,kWh/m3
fips27145,1.0,0.0,0.0,1.7476414340869568,0.9746423145502884,0.0253576854497115,3.0,54.202367339178,0.1846,0.4923,kWh/m3
fips27151,1.0,0.0,0.0,4.27582584,0.9963421625202008,0.003657837479799,3.0,80.92978645816468,0.2756,0.7351,kWh/m3
fips27159,1.0,0.0,0.0,9.80748864,0.9033013091407412,0.0966986908592588,3.0,124.96453879018522,0.4256,1.135,kWh/m3
fips28011,0.094,0.0,0.906,7.437284543379055,0.9575720192713162,0.0424279807286837,0.65346,86.0088745138824,0.2929,0.7812,kWh/m3
fips28015,0.56,0.0,0.44,7.437284543379055,0.9584827873489724,0.0415172126510275,1.8604,97.87635674851593,0.3334,0.889,kWh/m3
fips28027,0.271,0.0,0.729,7.437284543379055,0.9575584283298672,0.0424415716701328,1.11189,90.48250906499243,0.3082,0.8218,kWh/m3
fips28033,0.314,0.0,0.686,7.437284543379055,0.957002595447133,0.042997404552867,1.22326,91.52052605503832,0.3117,0.8312,kWh/m3
fips28051,0.472,0.0,0.528,7.437284543379055,0.957509546939963,0.042490453060037,1.63248,95.55949173071373,0.3255,0.8679,kWh/m3
fips28053,0.311,0.0,0.689,7.437284543379055,0.9575907784031076,0.0424092215968923,1.21549,91.4966066293674,0.3116,0.831,kWh/m3
fips28055,0.277,0.0,0.723,7.437284543379055,0.9574628192931196,0.0425371807068802,1.12743,90.62584845203355,0.3087,0.8231,kWh/m3
fips28083,0.238,0.0,0.762,7.437284543379055,0.9575910815433842,0.0424089184566158,1.0264199999999999,89.65104982220187,0.3054,0.8143,kWh/m3
fips28103,0.997,0.0,0.003,7.437284543379055,0.0118161466660728,0.9881838533339272,2.99223,8.289874347609643,0.0282,0.0753,kWh/m3
fips28107,0.374,0.0,0.626,7.437284543379055,0.9574209553673092,0.0425790446326909,1.37866,93.07410853401824,0.317,0.8454,kWh/m3
fips28119,0.125,0.0,0.875,7.437284543379055,0.9575590211379936,0.0424409788620063,0.7337499999999999,86.79151721756148,0.2956,0.7883,kWh/m3
fips28125,0.192,0.0,0.808,7.437284543379055,0.957617076142449,0.042382923857551,0.9072800000000001,88.49029051694801,0.3014,0.8037,kWh/m3
fips28133,0.139,0.0,0.861,7.437284543379055,0.9575910538269766,0.0424089461730234,0.7700100000000001,87.14813283244388,0.2968,0.7915,kWh/m3
fips28135,0.308,0.0,0.692,7.437284543379055,0.9575992469907616,0.0424007530092386,1.20772,91.42150704354225,0.3114,0.8303,kWh/m3
fips28143,0.236,0.0,0.764,7.437284543379055,0.9575548318961988,0.042445168103801,1.02124,89.59736031829969,0.3052,0.8138,kWh/m3
fips28151,0.119,0.0,0.881,7.437284543379055,0.957582486284162,0.0424175137158382,0.71821,86.64178126122151,0.2951,0.7869,kWh/m3
fips28163,0.508,0.0,0.492,7.437284543379055,0.9576875769732436,0.0423124230267564,1.72572,96.48619387302251,0.3286,0.8764,kWh/m3
fips29005,0.416,0.045,0.539,0.0,1.0,0.0,1.51399,22.46676860346585,0.0765,0.2041,kWh/m3
fips29007,0.416,0.046,0.538,0.0,0.2209888210503012,0.7790111789496987,1.51458,10.44551731484572,0.0356,0.0949,kWh/m3
fips29011,0.416,0.046,0.538,0.071762112,0.936921966288144,0.063078033711856,1.51458,22.18428920265777,0.0756,0.2015,kWh/m3
fips29023,0.416,0.045,0.538,0.071762112,0.9951378145311972,0.0048621854688029,1.51358,23.115533992048444,0.0787,0.21,kWh/m3
fips29031,0.416,0.046,0.538,0.071762112,1.0,0.0,1.51458,23.204302874617735,0.079,0.2108,kWh/m3
fips29069,0.416,0.045,0.538,0.0,1.0,0.0,1.51358,22.46258919469928,0.0765,0.204,kWh/m3
fips29087,0.417,0.045,0.538,0.071762112,0.5430180739664285,0.4569819260335715,1.5165799999999998,15.82567252250774,0.0539,0.1437,kWh/m3
fips29133,0.416,0.045,0.538,0.071762112,1.0,0.0,1.51358,23.194109194699283,0.079,0.2107,kWh/m3
fips29143,0.416,0.045,0.538,0.0,1.0,0.0,1.51358,22.46258919469928,0.0765,0.204,kWh/m3
fips29155,0.416,0.045,0.538,0.071762112,1.0,0.0,1.51358,23.194109194699283,0.079,0.2107,kWh/m3
fips29181,0.416,0.046,0.538,0.0,1.0,0.0,1.51458,22.472782874617735,0.0765,0.2041,kWh/m3
fips29201,0.416,0.045,0.538,0.0,1.0,0.0,1.51358,22.46258919469928,0.0765,0.204,kWh/m3
fips29207,0.416,0.045,0.538,0.071762112,0.991433709647602,0.0085662903523981,1.51358,23.055673916011457,0.0785,0.2094,kWh/m3
fips30001,0.448,0.0,0.552,7.437284543379055,0.0016413825538598,0.99835861744614,1.5703200000000002,7.184351936285123,0.0245,0.0653,kWh/m3
fips30003,0.262,0.0,0.738,7.437284543379055,0.0033870301633301,0.99661296983667,1.0885799999999999,7.328005712302664,0.025,0.0666,kWh/m3
fips30005,0.53,0.0,0.47,7.437284543379055,0.0067818315883966,0.9932181684116034,1.7827000000000002,7.67103345994716,0.0261,0.0697,kWh/m3
fips30007,0.903,0.0,0.097,7.437284543379055,0.0037195930225693,0.9962804069774306,2.74877,7.419857058175973,0.0253,0.0674,kWh/m3
fips30009,0.154,0.0,0.846,7.437284543379055,0.0004009470753533,0.9995990529246466,0.8088599999999999,7.06734217673403,0.0241,0.0642,kWh/m3
fips30011,0.519,0.0,0.481,7.437284543379055,0.0184113433802926,0.9815886566197074,1.7542099999999998,8.758692785078873,0.0298,0.0796,kWh/m3
fips30013,0.495,0.0,0.505,7.437284543379055,0.0040991351368371,0.9959008648631628,1.6920499999999998,7.415110866490374,0.0253,0.0673,kWh/m3
fips30015,0.849,0.0,0.151,7.437284543379055,0.007492635231548,0.992507364768452,2.60891,7.800942621597422,0.0266,0.0709,kWh/m3
fips30017,0.155,0.0,0.845,7.437284543379055,0.0037007310301954,0.9962992689698044,0.81145,7.34481496314503,0.025,0.0667,kWh/m3
fips30021,0.201,0.0,0.799,7.437284543379055,0.0013536067311206,0.9986463932688794,0.93059,7.149101032692053,0.0243,0.0649,kWh/m3
fips30023,0.747,0.0,0.253,7.437284543379055,0.003619121832167,0.9963808781678328,2.34473,7.394518882737188,0.0252,0.0672,kWh/m3
fips30027,0.367,0.0,0.633,7.437284543379055,0.0103234354888252,0.9896765645111748,1.36053,7.959466573712759,0.0271,0.0723,kWh/m3
fips30029,0.911,0.0,0.089,7.437284543379055,0.1671253969919736,0.8328746030080264,2.7694900000000002,24.422133002750193,0.0832,0.2218,kWh/m3
fips30031,0.886,0.0,0.114,7.437284543379055,0.0142213349576515,0.9857786650423483,2.7047399999999997,8.50390548603584,0.029,0.0772,kWh/m3
fips30035,0.683,0.0,0.317,7.437284543379055,0.001880696458755,0.998119303541245,2.1789700000000005,7.217994453274409,0.0246,0.0656,kWh/m3
fips30037,0.445,0.0,0.555,7.437284543379055,0.0,1.0,1.5625499999999999,7.033639143730886,0.024,0.0639,kWh/m3
fips30039,0.472,0.0,0.528,7.437284543379055,0.0019386460418171,0.9980613539581829,1.63248,7.212875261286797,0.0246,0.0655,kWh/m3
fips30041,0.885,0.0,0.115,7.437284543379055,0.0436874034551279,0.956312596544872,2.70215,11.54908835579471,0.0393,0.1049,kWh/m3
fips30043,0.668,0.0,0.332,7.437284543379055,0.0063080273971622,0.9936919726028376,2.14012,7.6494855275569895,0.0261,0.0695,kWh/m3
fips30045,0.805,0.0,0.195,7.437284543379055,0.0051839110017306,0.9948160889982692,2.4949500000000002,7.558489499706333,0.0257,0.0687,kWh/m3
fips30047,0.991,0.0,0.009,7.437284543379055,0.0046477728967402,0.9953522271032598,2.97669,7.527031484506213,0.0256,0.0684,kWh/m3
fips30049,0.67,0.0,0.33,7.437284543379055,0.0207945180442157,0.9792054819557844,2.1453,9.064885088659715,0.0309,0.0823,kWh/m3
fips30051,0.845,0.0,0.155,7.437284543379055,0.000926751850077,0.999073248149923,2.5985500000000004,7.128447790317463,0.0243,0.0647,kWh/m3
fips30053,0.61,0.0,0.39,7.437284543379055,0.021213674650539,0.978786325349461,1.9899,9.072224523688412,0.0309,0.0824,kWh/m3
fips30055,0.276,0.0,0.724,7.437284543379055,0.0003774457718701,0.9996225542281298,1.12484,7.066582443497691,0.0241,0.0642,kWh/m3
fips30057,0.666,0.0,0.334,7.437284543379055,0.0009581903507696,0.9990418096492304,2.1349400000000003,7.127135710426765,0.0243,0.0647,kWh/m3
fips30059,0.476,0.0,0.524,7.437284543379055,0.0020971177824193,0.9979028822175806,1.6428399999999999,7.22774812075945,0.0246,0.0656,kWh/m3
fips30063,0.801,0.0,0.199,7.437284543379055,0.0350088851379697,0.9649911148620304,2.48459,10.574452255275256,0.036,0.096,kWh/m3
fips30065,0.307,0.0,0.693,7.437284543379055,0.0011536096724064,0.9988463903275936,1.20513,7.135269857392332,0.0243,0.0648,kWh/m3
fips30067,0.681,0.0,0.319,7.437284543379055,0.0022081450119684,0.9977918549880316,2.1737900000000003,7.249976007264208,0.0247,0.0658,kWh/m3
fips30069,0.226,0.0,0.774,7.437284543379055,0.0030791979296773,0.9969208020703226,0.9953400000000001,7.298325382627101,0.0249,0.0663,kWh/m3
fips30071,0.177,0.0,0.823,7.437284543379055,0.0047809524267713,0.9952190475732288,0.8684299999999998,7.438422284426481,0.0253,0.0676,kWh/m3
fips30073,0.772,0.0,0.228,7.437284543379055,0.0051169419696401,0.9948830580303598,2.40948,7.547250996505405,0.0257,0.0685,kWh/m3
fips30075,0.051,0.0,0.949,7.437284543379055,0.0093366895357438,0.9906633104642562,0.54209,7.79307790826654,0.0265,0.0708,kWh/m3
fips30077,0.462,0.0,0.538,7.437284543379055,0.0034812832934919,0.996518716706508,1.6065800000000001,7.354579557018035,0.025,0.0668,kWh/m3
fips30079,0.39,0.0,0.61,7.437284543379055,0.010302913342454,0.989697086657546,1.4201,7.963882419890171,0.0271,0.0723,kWh/m3
fips30081,0.423,0.008,0.57,7.437284543379055,0.0079915840103334,0.9920084159896666,1.5107,7.762574619791829,0.0264,0.0705,kWh/m3
fips30083,0.241,0.0,0.759,7.437284543379055,0.0012158965183043,0.9987841034816958,1.03419,7.13863849543525,0.0243,0.0648,kWh/m3
fips30085,0.557,0.0,0.443,7.437284543379055,0.0128043002517566,0.9871956997482432,1.8526300000000002,8.246186086917286,0.0281,0.0749,kWh/m3
fips30087,0.205,0.0,0.795,7.437284543379055,0.0042816301506761,0.995718369849324,0.94095,7.3993119432249514,0.0252,0.0672,kWh/m3
fips30089,0.966,0.0,0.034,7.437284543379055,0.0131208860620978,0.9868791139379022,2.9119399999999995,8.417849093422452,0.0287,0.0765,kWh/m3
fips30091,0.933,0.0,0.067,7.437284543379055,0.3407481412274536,0.6592518587725464,2.8264700000000005,42.68455945638374,0.1454,0.3877,kWh/m3
fips30093,0.894,0.0,0.106,7.437284543379055,0.0089741404068277,0.991025859593172,2.72546,7.9633220841081105,0.0271,0.0723,kWh/m3
fips30095,0.061,0.0,0.939,7.437284543379055,0.0082679034498814,0.9917320965501184,0.56799,7.708326575070859,0.0263,0.07,kWh/m3
fips30097,0.447,0.0,0.553,7.437284543379055,0.0005086957682251,0.9994913042317748,1.56773,7.080334483088913,0.0241,0.0643,kWh/m3
fips30099,0.588,0.0,0.412,7.437284543379055,0.0006655427395049,0.9993344572604952,1.9329199999999997,7.097209700321321,0.0242,0.0645,kWh/m3
fips30101,0.916,0.0,0.084,7.437284543379055,0.0125426646199509,0.987457335380049,2.7824400000000002,8.340291309438168,0.0284,0.0758,kWh/m3
fips30103,0.275,0.0,0.725,7.437284543379055,0.0043043906069267,0.9956956093930732,1.12225,7.4092108061996464,0.0252,0.0673,kWh/m3
fips30105,0.282,0.0,0.718,7.437284543379055,0.0111013369569862,0.988898663043014,1.14038,8.0043174760453,0.0273,0.0727,kWh/m3
fips30107,0.167,0.0,0.833,7.437284543379055,0.0047674391431916,0.9952325608568082,0.84253,7.436019489831522,0.0253,0.0675,kWh/m3
fips30111,0.123,0.0,0.877,7.437284543379055,0.0046852654986975,0.9953147345013024,0.7285699999999999,7.42364114739527,0.0253,0.0674,kWh/m3
fips31001,0.713,0.001,0.287,5.697008725827814,0.9786310674477888,0.0213689325522112,2.2576699999999996,86.388335705006,0.2942,0.7846,kWh/m3
fips31003,0.963,0.001,0.037,8.422301656623981,0.9903640593168702,0.0096359406831297,2.9051699999999996,121.38961072019285,0.4135,1.1025,kWh/m3
fips31005,0.894,0.014,0.092,9.205484256000002,1.0,0.0,2.73372,128.73806581039756,0.4385,1.1693,kWh/m3
fips31007,0.681,0.006,0.313,3.952021188292684,0.9338466482679096,0.0661533517320904,2.17733,65.38097923796178,0.2227,0.5938,kWh/m3
fips31009,0.867,0.012,0.121,8.28706823526316,0.9303163416828444,0.0696836583171554,2.66261,110.8732374967817,0.3776,1.007,kWh/m3
fips31011,0.915,0.001,0.084,8.016323835875001,0.9887793919447516,0.0112206080552484,2.78044,115.857467692228,0.3946,1.0523,kWh/m3
fips31013,0.963,0.001,0.036,9.465703675412634,0.9704702577811772,0.0295297422188228,2.90476,129.41046964271547,0.4408,1.1754,kWh/m3
fips31015,0.554,0.011,0.435,4.8801528,0.6512376506586325,0.3487623493413675,1.85135,51.72077542175337,0.1762,0.4698,kWh/m3
fips31017,0.658,0.003,0.339,7.258874539956806,0.6184183421249446,0.3815816578750555,2.11599,66.13239741535189,0.2252,0.6007,kWh/m3
fips31019,0.671,0.001,0.329,6.100633958671455,0.981447270932672,0.0185527290673278,2.1488899999999997,89.56649108798972,0.3051,0.8135,kWh/m3
fips31021,0.78,0.003,0.217,3.591631389323583,0.9276947098087226,0.0723052901912774,2.4319699999999997,63.9965661862585,0.218,0.5813,kWh/m3
fips31023,0.773,0.001,0.226,5.991585838396436,0.9819764880239378,0.0180235119760621,2.41266,91.15975344422351,0.3105,0.828,kWh/m3
fips31027,0.958,0.001,0.041,5.097475735912088,0.966677981177326,0.0333220188226739,2.8918099999999995,85.76010811661878,0.2921,0.7789,kWh/m3
fips31029,0.969,0.001,0.03,8.8988784176,0.9990785664259034,0.0009214335740966,2.9203,127.40354566552278,0.4339,1.1572,kWh/m3
fips31031,0.923,0.003,0.074,8.982825908165681,0.9362324992248792,0.0637675007751209,2.80234,119.50718992845869,0.407,1.0854,kWh/m3
fips31033,0.977,0.0,0.023,6.823729175766991,0.9659474656028326,0.0340525343971672,2.94043,103.17701131065003,0.3514,0.9371,kWh/m3
fips31035,0.684,0.001,0.316,5.658302741651985,0.9585383994754336,0.0414616005245665,2.18256,83.64697271039402,0.2849,0.7597,kWh/m3
fips31037,0.901,0.0,0.099,3.4733698080493323,0.9725103786709248,0.0274896213290753,2.74359,68.66521852301707,0.2339,0.6237,kWh/m3
fips31039,0.96,0.004,0.036,4.159902867251909,0.9868283175748384,0.0131716824251615,2.89876,78.03963712149016,0.2658,0.7088,kWh/m3
fips31041,0.786,0.004,0.21,9.67483670043031,0.9418855457339688,0.0581144542660312,2.4481,123.42934607526156,0.4204,1.1211,kWh/m3
fips31043,0.839,0.007,0.154,3.3363287633121024,0.9886798267789104,0.0113201732210897,2.5871399999999998,66.73204965180118,0.2273,0.6061,kWh/m3
fips31045,0.577,0.005,0.418,6.437506126153846,0.3310413386123247,0.6689586613876752,1.9073799999999999,35.19370309652789,0.1199,0.3197,kWh/m3
fips31047,0.541,0.001,0.458,6.353137847351352,0.8858330346335327,0.1141669653664672,1.8117800000000002,80.76201788229092,0.2751,0.7335,kWh/m3
fips31049,0.779,0.007,0.215,4.234006427412588,0.8887819327511611,0.1112180672488389,2.43215,67.42873999569149,0.2297,0.6124,kWh/m3
fips31051,0.879,0.005,0.116,4.553682536000001,0.9288878793492872,0.0711121206507127,2.68956,75.61835065114774,0.2576,0.6868,kWh/m3
fips31053,0.849,0.0,0.151,2.552761690750789,0.9263768831252318,0.0736231168747681,2.60891,55.77628269718104,0.19,0.5066,kWh/m3
fips31055,0.682,0.012,0.307,2.455015379191375,0.9459820877430164,0.0540179122569836,2.18387,51.766589967461876,0.1763,0.4702,kWh/m3
fips31057,0.991,0.001,0.008,6.681072898983051,0.982989213946834,0.0170107860531661,2.97728,103.81301451776223,0.3536,0.9429,kWh/m3
fips31059,0.916,0.001,0.083,6.775641536242884,0.9592661954302448,0.0407338045697551,2.78303,100.50265522873684,0.3423,0.9128,kWh/m3
fips31061,0.666,0.001,0.333,6.224626265018182,0.9220052356227488,0.0779947643772512,2.13553,85.60762331265127,0.2916,0.7775,kWh/m3
fips31063,0.52,0.002,0.477,9.162651323510971,0.9949981307733704,0.0050018692266294,1.75757,117.79408567303686,0.4012,1.0699,kWh/m3
fips31065,0.682,0.002,0.316,3.235114699415732,0.7965408624911251,0.2034591375088748,2.17756,50.98283968864932,0.1736,0.4631,kWh/m3
fips31067,0.625,0.002,0.372,5.180903436617525,0.8159330357193434,0.1840669642806565,2.0295199999999998,67.00532806790251,0.2282,0.6086,kWh/m3
fips31069,0.857,0.004,0.139,6.308850856335079,0.8779838609039127,0.1220161390960873,2.6319899999999996,87.05314958993391,0.2965,0.7907,kWh/m3
fips31071,0.649,0.007,0.343,7.508677372334803,0.8237400513764789,0.1762599486235211,2.09463,87.67205818828937,0.2986,0.7963,kWh/m3
fips31073,0.597,0.004,0.399,7.833659887933885,0.8965386420008004,0.1034613579991995,1.9585899999999998,96.52528457350391,0.3288,0.8767,kWh/m3
fips31077,0.84,0.001,0.159,9.481558531864012,0.9411777110470166,0.0588222889529832,2.58619,122.81239491040536,0.4183,1.1155,kWh/m3
fips31079,0.48,0.001,0.519,3.2166688623934427,0.9981661540968674,0.0018338459031326,1.6537899999999999,56.59049124732178,0.1927,0.514,kWh/m3
fips31081,0.658,0.001,0.341,5.653214507867258,0.9886644479611696,0.0113355520388303,2.1148100000000003,85.32079165972903,0.2906,0.7749,kWh/m3
fips31083,0.723,0.002,0.275,6.001268640472907,0.9366835406011768,0.0633164593988232,2.28375,86.14108658618663,0.2934,0.7824,kWh/m3
fips31085,0.882,0.003,0.115,10.979751711801242,0.990919813811177,0.0090801861888231,2.69615,145.1755553308669,0.4945,1.3186,kWh/m3
fips31087,0.727,0.005,0.268,3.649829559428572,0.9118112738438148,0.0881887261561853,2.29588,62.297298749112244,0.2122,0.5658,kWh/m3
fips31089,0.958,0.001,0.041,6.543788079715304,0.9590466698835276,0.0409533301164724,2.8918099999999995,99.27807254546757,0.3381,0.9017,kWh/m3
fips31093,0.543,0.0,0.457,4.911541125408253,0.608465073744514,0.391534926255486,1.81637,48.763495811091424,0.1661,0.4429,kWh/m3
fips31095,0.85,0.002,0.148,6.055600129887641,0.9389676517968978,0.0610323482031022,2.6126799999999997,90.00239183158314,0.3065,0.8175,kWh/m3
fips31097,0.797,0.007,0.196,5.418018546293706,0.947658096265514,0.0523419037344859,2.47836,83.31362956750804,0.2838,0.7567,kWh/m3
fips31099,0.714,0.001,0.285,5.295064072631581,0.9159060552138304,0.0840939447861698,2.2598499999999997,77.56974052745609,0.2642,0.7045,kWh/m3
fips31101,0.792,0.001,0.207,7.184940028322983,0.9107758585391288,0.0892241414608712,2.4618700000000002,96.59614358521652,0.329,0.8773,kWh/m3
fips31103,0.846,0.005,0.149,6.295398083705724,0.9168909338078036,0.0831090661921963,2.60409,90.21263954618105,0.3073,0.8194,kWh/m3
fips31105,0.992,0.0,0.008,6.397127160000001,0.9709030946968958,0.0290969053031041,2.97928,99.83264759207066,0.34,0.9067,kWh/m3
fips31107,0.883,0.002,0.115,6.396443152941178,0.8745545317039897,0.1254454682960102,2.69815,88.1112910897939,0.3001,0.8003,kWh/m3
fips31111,0.79,0.001,0.209,8.801389759588401,0.8626466697711423,0.1373533302288575,2.45669,106.03205925205745,0.3611,0.9631,kWh/m3
fips31113,0.972,0.005,0.023,8.804372640854092,0.9906812550036046,0.0093187449963954,2.93043,125.53974523405651,0.4276,1.1402,kWh/m3
fips31115,0.65,0.009,0.34,7.562141162790699,0.7687772862946602,0.2312227137053397,2.0984000000000003,82.74010824941992,0.2818,0.7515,kWh/m3
fips31117,0.979,0.001,0.019,10.559916253125,0.9017304068202628,0.0982695931797372,2.9457899999999997,131.1774311317571,0.4468,1.1914,kWh/m3
fips31119,0.911,0.02,0.07,6.582182168594449,1.0,0.0,2.7817000000000003,102.4860567644694,0.3491,0.9308,kWh/m3
fips31121,0.565,0.001,0.434,1.7248847710511317,0.998028525035064,0.0019714749649358,1.8739399999999997,43.646582855370156,0.1487,0.3964,kWh/m3
fips31123,0.673,0.001,0.325,4.441883681225384,0.6652372227453716,0.3347627772546284,2.1532500000000003,51.75666069044683,0.1763,0.4701,kWh/m3
fips31125,0.686,0.0,0.313,3.445926,0.7918029856639093,0.2081970143360907,2.1863300000000003,52.49375246507101,0.1788,0.4768,kWh/m3
fips31127,0.649,0.008,0.343,2.677605346666667,0.6950585999882941,0.3049414000117058,2.09563,40.85298957664397,0.1391,0.3711,kWh/m3
fips31129,0.682,0.002,0.316,4.757647740882354,0.8439089740845075,0.1560910259154924,2.17756,66.69402700989767,0.2272,0.6058,kWh/m3
fips31135,0.974,0.001,0.025,12.312252558977638,1.0,0.0,2.9332499999999997,162.44141242586784,0.5533,1.4754,kWh/m3
fips31137,0.673,0.002,0.325,6.463515696661831,0.8124333114295729,0.1875666885704272,2.15425,78.40326118311062,0.267,0.7121,kWh/m3
fips31139,0.978,0.001,0.022,6.240650883969926,0.9960300143895056,0.0039699856104944,2.94402,100.28754202572313,0.3416,0.9109,kWh/m3
fips31141,0.875,0.0,0.125,4.861079845579866,0.9823696106691518,0.0176303893308481,2.67625,82.51216907122601,0.281,0.7494,kWh/m3
fips31143,0.656,0.001,0.343,5.740337934935066,0.9989623294781032,0.0010376705218968,2.10963,86.97066518461924,0.2962,0.7899,kWh/m3
fips31145,0.762,0.003,0.235,3.7942581515625,0.9110647955737908,0.0889352044262091,2.38535,64.42429599724179,0.2194,0.5851,kWh/m3
fips31149,0.916,0.003,0.081,7.871176331092438,0.9417397158596952,0.0582602841403046,2.7842100000000003,109.32314470762765,0.3724,0.9929,kWh/m3
fips31151,0.721,0.001,0.277,5.076016846635072,0.9383508982143132,0.0616491017856869,2.27757,77.37252622463791,0.2635,0.7027,kWh/m3
fips31155,0.902,0.007,0.09,4.529215556974791,0.942896967514276,0.0571030324857241,2.7499,76.9975125877423,0.2623,0.6993,kWh/m3
fips31157,0.194,0.001,0.805,2.728986326557377,0.2643125360081941,0.7356874639918058,0.9130500000000001,16.846440955212515,0.0574,0.153,kWh/m3
fips31159,0.786,0.001,0.213,5.484325292623956,0.9047029331113714,0.0952970668886286,2.44633,80.17214174038851,0.2731,0.7282,kWh/m3
fips31161,0.908,0.002,0.09,7.465962687552,0.9505688907521228,0.0494311092478772,2.7629,106.14922179981735,0.3615,0.9641,kWh/m3
fips31163,0.805,0.001,0.193,10.499366694674558,0.8420491138118364,0.1579508861881635,2.49513,118.57292993049488,0.4039,1.077,kWh/m3
fips31165,0.587,0.004,0.409,4.354303232691031,0.5335030038609785,0.4664969961390214,1.9326899999999998,41.2245644739481,0.1404,0.3744,kWh/m3
fips31167,0.967,0.0,0.033,3.866357963883496,0.9625548766171722,0.0374451233828277,2.9145299999999996,73.56755124801984,0.2506,0.6682,kWh/m3
fips31169,0.881,0.001,0.118,5.170363538707318,0.975277494861562,0.0247225051384381,2.69238,85.20241407919882,0.2902,0.7739,kWh/m3
fips31175,0.672,0.001,0.327,11.018071664919212,0.6000306087000933,0.3999693912999066,2.15107,87.5829570770564,0.2983,0.7955,kWh/m3
fips31177,0.504,0.008,0.488,4.60338515767742,0.7332412776877063,0.2667587223122936,1.72008,54.29791714198863,0.1849,0.4932,kWh/m3
fips31179,0.979,0.0,0.021,6.595972501621623,0.9848406711020672,0.0151593288979329,2.94561,102.82302257158797,0.3502,0.9339,kWh/m3
fips31181,0.819,0.002,0.179,4.399118429610391,0.8944414170536507,0.1055585829463493,2.53239,70.23270358919513,0.2392,0.6379,kWh/m3
fips31183,0.863,0.002,0.135,8.267261088000001,1.0,0.0,2.64635,118.28349732925587,0.4029,1.0743,kWh/m3
fips31185,0.728,0.001,0.272,6.0960314551468535,0.9872072616595626,0.0127927383404374,2.29652,91.49019103335884,0.3116,0.831,kWh/m3
fips32001,0.008,0.0,0.992,9.980913744000002,0.0242502970712064,0.9757497029287936,0.43072,9.607392571749203,0.0327,0.0873,kWh/m3
fips32003,0.841,0.0,0.159,12.931726534054054,0.6924469454989383,0.3075530545010618,2.5881899999999995,116.58225074825889,0.3971,1.0589,kWh/m3
fips32005,0.149,0.0,0.851,10.14029843478261,0.1205104977410486,0.8794895022589514,0.7959099999999999,20.46817453491851,0.0697,0.1859,kWh/m3
fips32007,0.041,0.0,0.959,8.992083561081083,0.0738690086091759,0.926130991390824,0.5161899999999999,14.193340892374088,0.0483,0.1289,kWh/m3
fips32009,1.0,0.0,0.0,12.36899736,1.0,0.0,3.0,163.70027889908255,0.5576,1.4868,kWh/m3
fips32011,0.969,0.0,0.031,12.2378695425,0.9848164363188004,0.0151835636811995,2.9197100000000002,159.19911792317637,0.5422,1.446,kWh/m3
fips32013,0.827,0.0,0.173,15.3740358,0.8463676647104291,0.1536323352895709,2.55193,161.69172081371067,0.5507,1.4686,kWh/m3
fips32015,0.878,0.0,0.122,12.519674343529411,0.9426820905659646,0.0573179094340353,2.68402,153.13201190707682,0.5216,1.3908,kWh/m3
fips32017,0.951,0.0,0.049,8.141760450000001,0.9623522487924522,0.0376477512075477,2.87309,115.0883394563716,0.392,1.0453,kWh/m3
fips32019,0.566,0.0,0.434,13.33334158819672,0.0651363401501768,0.9348636598498232,1.87594,17.132282762167204,0.0584,0.1556,kWh/m3
fips32021,1.0,0.0,0.0,13.953744000000002,1.0,0.0,3.0,179.8546788990826,0.6126,1.6336,kWh/m3
fips32023,0.87,0.009,0.121,11.930824881,0.9683061829849644,0.0316938170150354,2.6686099999999997,151.1388691473869,0.5148,1.3727,kWh/m3
fips32027,0.184,0.0,0.816,13.6547352,0.3051548468198246,0.6948451531801755,0.88656,52.26653118570693,0.178,0.4747,kWh/m3
fips32031,0.225,0.0,0.775,11.954235910909093,0.2565694049999661,0.743430595000034,0.99275,40.89500990524862,0.1393,0.3714,kWh/m3
fips32033,0.929,0.0,0.071,8.726785405714287,0.946400306928387,0.053599693071613,2.81611,118.39143480948286,0.4032,1.0753,kWh/m3
fips34001,0.704,0.27,0.026,7.437284543379055,0.9580092888327092,0.0419907111672909,2.3926600000000002,103.02933925858855,0.3509,0.9358,kWh/m3
fips34005,0.704,0.27,0.026,7.437284543379055,0.2549153368198607,0.7450846631801392,2.3926600000000002,32.57699922727853,0.111,0.2959,kWh/m3
fips34011,0.704,0.27,0.026,7.437284543379055,0.899112468553371,0.1008875314466289,2.3926600000000002,97.12768301875923,0.3308,0.8822,kWh/m3
fips35001,0.0,0.0,1.0,5.566970112177122,0.0666432817099948,0.9333567182900052,0.41,11.094035708033017,0.0378,0.1008,kWh/m3
fips35003,0.0,0.0,1.0,3.4031144413186816,0.018036259798167,0.981963740201833,0.41,7.734702575981306,0.0263,0.0703,kWh/m3
fips35005,0.429,0.005,0.566,3.371179862267003,0.9442846071192352,0.0557153928807648,1.52406,54.153920999951225,0.1844,0.4919,kWh/m3
fips35007,0.198,0.0,0.802,3.911490117391304,0.0873328703040137,0.9126671296959864,0.9228200000000001,11.337351462706584,0.0386,0.103,kWh/m3
fips35009,1.0,0.0,0.0,8.18124446763709,1.0,0.0,3.0,121.01166633676951,0.4122,1.0991,kWh/m3
fips35011,0.303,0.0,0.697,5.252405040000001,0.2413082441068256,0.7586917558931744,1.19477,22.892522817041318,0.078,0.2079,kWh/m3
fips35013,0.003,0.003,0.995,4.47084100538973,0.3480849291585191,0.6519150708414809,0.41995,24.387468304181507,0.0831,0.2215,kWh/m3
fips35015,0.013,0.0,0.987,4.777737996720849,0.6244589299459395,0.3755410700540603,0.44366999999999995,40.27069164570309,0.1372,0.3658,kWh/m3
fips35017,0.03,0.0,0.97,2.365746912552783,0.1434062383752923,0.8565937616247077,0.4876999999999999,11.204914252118105,0.0382,0.1018,kWh/m3
fips35019,0.005,0.0,0.995,2.151534432,0.1073804611478685,0.8926195388521315,0.42295,9.851675081816191,0.0336,0.0895,kWh/m3
fips35023,0.465,0.125,0.41,6.521918418067755,0.9116755696723922,0.0883244303276078,1.6881,83.332040961394,0.2838,0.7569,kWh/m3
fips35025,0.996,0.004,0.0,3.343685118014019,1.0,0.0,2.992,71.61758530085646,0.2439,0.6505,kWh/m3
fips35027,0.085,0.0,0.915,3.7421254882233512,0.2667837872900844,0.7332162127099157,0.63015,18.924079651619046,0.0645,0.1719,kWh/m3
fips35029,0.026,0.499,0.475,2.1513392028865983,0.4672381692754343,0.5327618307245656,0.7717499999999999,20.955951557446713,0.0714,0.1903,kWh/m3
fips35035,0.371,0.038,0.591,5.879759923067706,0.7377437829879092,0.2622562170120908,1.39331,61.72948133516362,0.2103,0.5607,kWh/m3
fips35037,0.255,0.003,0.743,2.967971964497042,0.2071040320514902,0.7928959679485098,1.07263,15.563964921126498,0.053,0.1414,kWh/m3
fips35039,0.0,0.001,0.999,0.9641326450844092,0.0132939011669625,0.9867060988330376,0.41058999999999996,7.21993299669457,0.0246,0.0656,kWh/m3
fips35041,1.0,0.0,0.0,1.853223374205298,1.0,0.0,3.0,56.50584479312229,0.1925,0.5132,kWh/m3
fips35043,0.028,0.0,0.972,4.829698198275154,0.0152159692727847,0.9847840307272152,0.48252,7.857599886598188,0.0268,0.0714,kWh/m3
fips35045,0.822,0.0,0.178,2.514367692972973,0.0,1.0,2.5389799999999996,7.033639143730886,0.024,0.0639,kWh/m3
fips35047,0.049,0.0,0.951,1.7310897134801768,0.0,1.0,0.53691,7.033639143730886,0.024,0.0639,kWh/m3
fips35049,0.287,0.006,0.707,5.738525697431908,0.5653657549710932,0.4346342450289068,1.15687,46.77289086955167,0.1593,0.4248,kWh/m3
fips35051,0.0,0.022,0.978,3.4220956678887746,0.5680519126876279,0.431948087312372,0.42297999999999997,29.298701198500268,0.0998,0.2661,kWh/m3
fips35053,0.009,0.001,0.99,4.636287368834356,0.2459186855658811,0.754081314434119,0.43389999999999995,19.74366782177857,0.0672,0.1793,kWh/m3
fips35055,0.035,0.0,0.965,2.0191973073515253,0.0157330748574851,0.9842669251425148,0.5006499999999999,7.437767036860282,0.0253,0.0676,kWh/m3
fips35057,0.689,0.002,0.308,5.122257694369812,1.0,0.0,2.19528,81.62627619133343,0.278,0.7414,kWh/m3
fips35059,0.98,0.0,0.019,2.6089993172368424,0.977870698356704,0.022129301643296,2.94779,62.42427574176823,0.2126,0.567,kWh/m3
fips35061,0.021,0.014,0.965,3.6904905830659263,0.0780940704596953,0.9219059295403048,0.47264999999999996,10.347773639424744,0.0352,0.094,kWh/m3
fips37163,0.95,0.05,0.0,7.437284543379055,0.1577325425063386,0.8422674574936613,2.8999999999999995,23.654701056459263,0.0806,0.2148,kWh/m3
fips38021,1.0,0.0,0.0,4.96354608,0.9092456042824428,0.0907543957175572,3.0,80.84423310642893,0.2754,0.7343,kWh/m3
fips38035,1.0,0.0,0.0,4.96354608,0.8642014316676392,0.1357985683323608,3.0,77.187644479992,0.2629,0.7011,kWh/m3
fips38043,1.0,0.0,0.0,4.96354608,0.9881509531280463,0.0118490468719535,3.0,87.24959887085747,0.2972,0.7925,kWh/m3
fips38049,0.587,0.0,0.413,4.96354608,0.4089928623047863,0.5910071376952137,1.9303299999999999,35.77518970778491,0.1219,0.3249,kWh/m3
fips38053,0.145,0.0,0.855,4.96354608,0.034461750884206,0.965538249115794,0.78555,9.053250936985986,0.0308,0.0822,kWh/m3
fips38073,0.995,0.0,0.005,4.96354608,0.9337159669897646,0.0662840330102354,2.98705,82.70742616699522,0.2817,0.7512,kWh/m3
fips38081,1.0,0.0,0.0,4.96354608,0.9965309620356992,0.0034690379643008,3.0,87.92986989111132,0.2995,0.7986,kWh/m3
fips38105,0.421,0.0,0.579,4.96354608,0.3382701291739858,0.6617298708260142,1.50039,29.322696154474897,0.0999,0.2663,kWh/m3
fips39085,0.802,0.198,0.0,7.437284543379055,0.0265350784087444,0.9734649215912556,2.604,9.749707162926365,0.0332,0.0886,kWh/m3
fips40007,1.0,0.0,0.0,8.3980880783174,0.9990857666391616,0.0009142333608385,3.0,123.11587732870977,0.4193,1.1182,kWh/m3
fips40009,1.0,0.0,0.0,2.9905430133913047,0.9705404028733174,0.0294595971266825,3.0,66.30034688732653,0.2258,0.6022,kWh/m3
fips40015,1.0,0.0,0.0,7.552368879398845,0.9559198222301536,0.0440801777698463,3.0,109.85951664935726,0.3742,0.9978,kWh/m3
fips40025,1.0,0.0,0.0,9.400101404459017,0.9835532165215304,0.0164467834784696,3.0,131.35738656013058,0.4474,1.1931,kWh/m3
fips40039,1.0,0.0,0.0,6.447032030749091,0.9896202270641384,0.0103797729358616,3.0,102.33408749594398,0.3485,0.9295,kWh/m3
fips40045,1.0,0.0,0.0,6.68899512935065,0.9927912618782222,0.0072087381217777,3.0,105.08817228134536,0.3579,0.9545,kWh/m3
fips40051,0.95,0.0,0.05,5.658092565916399,0.3877782950583543,0.6122217049416456,2.8705,40.7462088120124,0.1388,0.3701,kWh/m3
fips40057,0.02,0.25,0.73,4.626494400794425,0.9946095125387612,0.0053904874612387,0.6093,60.11795022148132,0.2048,0.546,kWh/m3
fips40059,0.95,0.0,0.05,3.740626316842106,0.586102727073207,0.413897272926793,2.8705,46.532101562962325,0.1585,0.4226,kWh/m3
fips40065,0.258,0.223,0.519,2.4065859181090907,0.1864147019278125,0.8135852980721874,1.20979,13.90566400441616,0.0474,0.1263,kWh/m3
fips40073,1.0,0.0,0.0,1.90769184,0.958188111055888,0.041811888944112,3.0,54.96933714387354,0.1872,0.4993,kWh/m3
fips40093,1.0,0.0,0.0,2.1605185264723987,0.9833439583099997,0.0166560416900003,3.0,58.76212757139097,0.2001,0.5337,kWh/m3
fips40101,0.95,0.0,0.05,1.7407694318400002,0.1947057097285011,0.8052942902714988,2.8705,16.18593769088429,0.0551,0.147,kWh/m3
fips40139,1.0,0.0,0.0,10.85466167721127,0.9994547244961464,0.0005452755038537,3.0,148.18661640758924,0.5047,1.3459,kWh/m3
fips40141,0.72,0.25,0.03,1.4881446918910508,0.9663728340924026,0.0336271659075974,2.4223,45.55502058577316,0.1552,0.4138,kWh/m3
fips40149,1.0,0.0,0.0,7.594191207483872,0.8023302605811351,0.1976697394188649,3.0,93.68032815644142,0.3191,0.8509,kWh/m3
fips41001,0.11,0.05,0.84,5.4173359058823545,0.2150928825827812,0.7849071174172187,0.7243999999999999,20.49993557653827,0.0698,0.1862,kWh/m3
fips41003,0.99,0.01,0.0,0.6518391840000002,0.2697391443838612,0.7302608556161387,2.9799999999999995,17.019869460060555,0.058,0.1546,kWh/m3
fips41005,0.97,0.03,0.0,1.49083918875,0.5969080709506966,0.4030919290493034,2.94,33.99392123190124,0.1158,0.3088,kWh/m3
fips41011,0.95,0.0,0.05,4.30572672,0.0859538857796474,0.9140461142203526,2.8705,13.321351394696569,0.0454,0.121,kWh/m3
fips41013,0.73,0.0,0.27,10.67461416,0.103619721709193,0.8963802782908069,2.3007,20.73902591588737,0.0706,0.1884,kWh/m3
fips41017,0.65,0.02,0.33,2.3754588000000005,0.1210430326679958,0.8789569673320041,2.1053,12.56233061983496,0.0428,0.1141,kWh/m3
fips41019,0.919,0.02,0.06,10.39553928,0.0206678729666803,0.9793321270333196,2.8016,9.814034639782125,0.0334,0.0891,kWh/m3
fips41021,0.819,0.0,0.181,31.694932800000004,0.7878667287897007,0.2121332712102993,2.5312099999999997,281.91273360779985,0.9602,2.5605,kWh/m3
fips41023,0.5,0.0,0.5,4.335627600000001,0.0420947948140116,0.9579052051859884,1.705,9.625677669417485,0.0328,0.0874,kWh/m3
fips41025,0.29,0.01,0.7,16.464511832727275,0.3959835858912257,0.6040164141087743,1.1669999999999998,78.20376432422958,0.2664,0.7103,kWh/m3
fips41027,0.95,0.05,0.0,2.8966477500000005,0.0112690061379159,0.988730993862084,2.8999999999999995,7.699515383018209,0.0262,0.0699,kWh/m3
fips41029,0.58,0.02,0.4,2.810682720000001,0.0140674180361211,0.9859325819638788,1.9239999999999997,7.712586759333729,0.0263,0.0701,kWh/m3
fips41031,0.8,0.05,0.15,9.663964416,0.0321681690023562,0.9678318309976436,2.5115000000000003,11.02612025500573,0.0376,0.1001,kWh/m3
fips41033,0.6,0.01,0.39,3.245878183297645,0.129273146456314,0.870726853543686,1.9698999999999998,13.906830346310741,0.0474,0.1263,kWh/m3
fips41035,0.8,0.02,0.18,9.737413916842106,0.2497928921462659,0.7502071078537341,2.4938000000000002,38.17808663351322,0.13,0.3468,kWh/m3
fips41037,0.64,0.0,0.36,7.469239824000001,0.3078704519389231,0.6921295480610768,2.0676,36.963416785769624,0.1259,0.3357,kWh/m3
fips41039,0.98,0.02,0.0,1.0275692663414635,0.4316361170535687,0.5683638829464313,2.96,24.578786081608325,0.0837,0.2232,kWh/m3
fips41043,0.97,0.03,0.0,1.9307425371428573,0.5086884734382686,0.4913115265617314,2.94,32.2904239116212,0.11,0.2933,kWh/m3
fips41045,0.15,0.12,0.73,3.01998888,0.1068121447415645,0.8931878552584355,0.8693,11.26833115996246,0.0384,0.1023,kWh/m3
fips41047,0.95,0.05,0.0,0.8446998600000003,0.5666970056915612,0.4333029943084387,2.8999999999999995,28.66575125255462,0.0976,0.2604,kWh/m3
fips41049,0.734,0.196,0.07,5.9813510460794745,0.4751828396726901,0.5248171603273099,2.4267,47.76107616910272,0.1627,0.4338,kWh/m3
fips41051,0.99,0.01,0.0,1.4697789153488374,0.4539470659940667,0.5460529340059332,2.9799999999999995,27.62450645203736,0.0941,0.2509,kWh/m3
fips41053,0.99,0.01,0.0,0.938887632,0.2131407474837127,0.7868592525162874,2.9799999999999995,15.548161459624431,0.053,0.1412,kWh/m3
fips41059,0.81,0.15,0.04,9.82248049396122,0.42866011323926,0.5713398867607399,2.5964,61.29947725633285,0.2088,0.5568,kWh/m3
fips41061,0.71,0.0,0.29,9.27188160161074,0.3786623280213443,0.6213376719786556,2.2489,51.50342489185926,0.1754,0.4678,kWh/m3
fips41063,0.64,0.0,0.36,11.207223585,0.0760556994256862,0.9239443005743136,2.0676,17.325443348723446,0.059,0.1574,kWh/m3
fips41065,0.94,0.02,0.04,9.366620551363638,0.5332948113595911,0.4667051886404089,2.8564,73.48087093969292,0.2503,0.6674,kWh/m3
fips41067,0.97,0.03,0.0,4.146064096375267,0.0968270615569511,0.9031729384430488,2.94,14.027754989360131,0.0478,0.1274,kWh/m3
fips41069,0.401,0.0,0.599,4.5112359428571445,0.0707298084703355,0.9292701915296644,1.44859,11.330655937358026,0.0386,0.1029,kWh/m3
fips41071,0.96,0.04,0.0,3.3023335532015814,0.1555586858016004,0.8444413141983995,2.92,16.90048960402895,0.0576,0.1535,kWh/m3
fips45017,0.885,0.074,0.041,7.437284543379055,0.9871158929228604,0.0128841070771395,2.74581,109.49943387263528,0.373,0.9945,kWh/m3
fips45075,0.886,0.074,0.04,7.437284543379055,0.7522659821515835,0.2477340178484166,2.7483999999999997,85.14112117136847,0.29,0.7733,kWh/m3
fips45085,0.886,0.074,0.04,7.437284543379055,0.8473946930106285,0.1526053069893714,2.7483999999999997,95.01829792803055,0.3236,0.863,kWh/m3
fips46007,1.0,0.0,0.0,8.727135533114755,1.0,0.0,3.0,126.57630512859076,0.4311,1.1496,kWh/m3
fips46027,0.994,0.0,0.006,3.459077625417722,0.9866537459207432,0.0133462540792567,2.9844600000000003,71.84037242711157,0.2447,0.6525,kWh/m3
fips46065,0.133,0.0,0.867,6.357566441250833,0.1159655856895004,0.8840344143104996,0.75447,15.440891654992075,0.0526,0.1402,kWh/m3
fips46115,0.843,0.0,0.157,2.663965690169492,0.8549735676818272,0.1450264323181727,2.5933699999999997,52.85303824184721,0.18,0.48,kWh/m3
fips46119,0.088,0.0,0.912,1.7727971744347828,0.1529518952432093,0.8470481047567906,0.63792,10.79229113889046,0.0368,0.098,kWh/m3
fips46121,0.956,0.0,0.044,7.05647052,0.980202435895234,0.0197975641047658,2.88604,106.37791060772669,0.3623,0.9662,kWh/m3
fips46125,1.0,0.0,0.0,2.567369476202765,1.0,0.0,3.0,63.78562157189362,0.2173,0.5793,kWh/m3
fips46135,0.955,0.0,0.045,4.215568736649746,0.9563745039690448,0.0436254960309551,2.88345,76.2417994182503,0.2597,0.6925,kWh/m3
fips48003,0.99,0.01,0.0,6.687300002553192,1.0,0.0,2.9799999999999995,105.57900104539439,0.3596,0.9589,kWh/m3
fips48013,1.0,0.0,0.0,24.06273318,1.0,0.0,3.0,282.90247889908255,0.9636,2.5695,kWh/m3
fips48017,0.94,0.06,0.0,5.464411820765219,1.0,0.0,2.88,92.09390235234676,0.3137,0.8365,kWh/m3
fips48039,0.062,0.017,0.92,8.965031346000002,0.0811704953094482,0.9188295046905518,0.5802,14.931612193660458,0.0509,0.1356,kWh/m3
fips48041,0.0,0.003,0.997,4.535088348292684,0.9542590465582722,0.0457409534417278,0.41176999999999997,55.153764840984756,0.1879,0.5009,kWh/m3
fips48045,0.432,0.001,0.567,1.8706804085512367,1.0,0.0,1.5294699999999999,41.6936840830911,0.142,0.3787,kWh/m3
fips48051,0.364,0.0,0.636,4.076121125366726,0.6944151857166375,0.3055848142833625,1.35276,45.46276753216191,0.1548,0.4129,kWh/m3
fips48061,0.004,0.009,0.987,2.2096044000000004,0.0037650750423962,0.9962349249576038,0.42567,7.13478089575235,0.0243,0.0648,kWh/m3
fips48065,0.275,0.0,0.725,17.269235516205534,0.9986860447504028,0.0013139552495973,1.12225,194.2642194420349,0.6617,1.7644,kWh/m3
fips48069,0.94,0.06,0.0,10.240347139703903,1.0,0.0,2.88,140.77825830483079,0.4795,1.2786,kWh/m3
fips48071,0.0,0.0,1.0,6.041846565000001,0.0007758418986995,0.9992241581013004,0.41,7.084664759318119,0.0241,0.0643,kWh/m3
fips48075,0.769,0.0,0.231,4.577634722408027,1.0,0.0,2.40171,78.17884528448549,0.2663,0.7101,kWh/m3
fips48079,0.95,0.05,0.0,5.736224861135372,1.0,0.0,2.8999999999999995,95.06855108190999,0.3238,0.8635,kWh/m3
fips48087,0.965,0.002,0.033,2.6660545677010195,0.9989991463673572,0.0010008536326429,2.91053,63.82266282139343,0.2174,0.5797,kWh/m3
fips48089,0.0,0.0,1.0,10.530684500338984,0.3528095138000213,0.6471904861999787,0.41,46.381015078532364,0.158,0.4213,kWh/m3
fips48093,0.759,0.241,0.0,4.218916887739726,0.8737965307585465,0.1262034692414535,2.5180000000000002,67.0407197198332,0.2283,0.6089,kWh/m3
fips48107,0.6,0.4,0.0,7.253678185780052,0.9922565582803172,0.0077434417196829,2.1999999999999997,102.65519041500332,0.3496,0.9324,kWh/m3
fips48109,0.771,0.229,0.0,32.12250854169337,1.0,0.0,2.5420000000000003,360.3925437481485,1.2275,3.2733,kWh/m3
fips48111,0.996,0.0,0.004,12.918612910500002,0.9994486747231376,0.0005513252768624,2.98964,169.10787246238252,0.576,1.5359,kWh/m3
fips48115,0.971,0.029,0.0,4.366275153507379,0.991244843144397,0.0087551568556029,2.9419999999999997,80.87961323337935,0.2755,0.7346,kWh/m3
fips48117,0.76,0.24,0.0,9.371526738445947,1.0,0.0,2.5200000000000005,128.25205645714522,0.4368,1.1649,kWh/m3
fips48129,0.916,0.0,0.084,5.366955631898734,1.0,0.0,2.7824400000000002,90.10596974412572,0.3069,0.8184,kWh/m3
fips48141,0.002,0.0,0.998,8.101740153577554,0.2357720210861149,0.7642279789138852,0.41518,27.503073170622258,0.0937,0.2498,kWh/m3
fips48147,0.969,0.004,0.027,16.199681177647058,0.0507098883775644,0.9492901116224356,2.92207,16.918061853231833,0.0576,0.1537,kWh/m3
fips48153,0.58,0.42,0.0,8.963860544754993,1.0,0.0,2.1599999999999997,120.42671299444437,0.4102,1.0938,kWh/m3
fips48157,0.077,0.001,0.922,9.032536907107438,0.527183397984393,0.472816602015607,0.61002,58.85215000557366,0.2005,0.5345,kWh/m3
fips48163,0.905,0.012,0.083,31.998213154285715,1.0,0.0,2.76103,361.35823806611324,1.2308,3.2821,kWh/m3
fips48165,1.0,0.0,0.0,5.713643240698691,1.0,0.0,3.0,95.85772926298358,0.3265,0.8706,kWh/m3
fips48173,0.188,0.812,0.0,7.293310408153382,1.0,0.0,1.3760000000000001,95.40581455813845,0.325,0.8665,kWh/m3
fips48179,0.833,0.0,0.167,11.907435311052632,1.0,0.0,2.5674699999999997,154.58619073448145,0.5265,1.4041,kWh/m3
fips48189,0.83,0.17,0.0,7.090118574654455,0.9994926825142528,0.0005073174857471,2.6599999999999997,106.37280498484633,0.3623,0.9661,kWh/m3
fips48191,0.99,0.0,0.01,2.719026161108911,1.0,0.0,2.9741,65.0675449654323,0.2216,0.591,kWh/m3
fips48195,0.617,0.0,0.383,14.74467812534483,1.0,0.0,2.0080299999999998,177.80538354072203,0.6056,1.6149,kWh/m3
fips48197,0.663,0.0,0.337,4.000167469484536,1.0,0.0,2.12717,69.49375605998506,0.2367,0.6312,kWh/m3
fips48205,0.99,0.0,0.01,15.551913623121951,1.0,0.0,2.9741,195.88189218269062,0.6672,1.7791,kWh/m3
fips48207,0.93,0.001,0.069,3.8956174627500006,0.9997600235668208,0.000239976433179,2.81929,75.46683020599347,0.257,0.6854,kWh/m3
fips48215,0.054,0.054,0.892,4.877340618947369,0.0005855627770359,0.999414437222964,0.58172,7.066224492314353,0.0241,0.0642,kWh/m3
fips48219,0.67,0.33,0.0,5.219303422583026,1.0,0.0,2.3400000000000003,84.09075863999006,0.2864,0.7638,kWh/m3
fips48229,0.753,0.0,0.247,9.531384846863086,0.9265767699677324,0.0734232300322674,2.36027,119.35301873167711,0.4065,1.084,kWh/m3
fips48233,0.586,0.001,0.413,13.038800523670592,0.9683038787939936,0.0316961212060063,1.9283299999999999,154.7678954178003,0.5271,1.4057,kWh/m3
fips48239,0.034,0.0,0.966,12.239965634594595,0.9894865673800618,0.010513432619938,0.49805999999999995,135.51585382644484,0.4616,1.2308,kWh/m3
fips48245,0.073,0.0,0.927,4.300387277142858,0.0040598495808107,0.9959401504191892,0.59907,7.236402238254926,0.0246,0.0657,kWh/m3
fips48275,0.789,0.0,0.211,2.7768571416240277,1.0,0.0,2.45351,60.350327641427384,0.2056,0.5481,kWh/m3
fips48279,0.93,0.07,0.0,6.540607643872217,1.0,0.0,2.86,102.86042450430394,0.3503,0.9342,kWh/m3
fips48291,0.097,0.002,0.901,6.432960754285716,0.0595974641097445,0.9404025358902556,0.6624099999999999,11.34420085498342,0.0386,0.103,kWh/m3
fips48295,0.99,0.0,0.01,9.60919859368421,1.0,0.0,2.9741,135.3037573260368,0.4608,1.2289,kWh/m3
fips48303,0.67,0.33,0.0,5.036248529512007,0.99949528560316,0.0005047143968399,2.3400000000000003,82.18680561350145,0.2799,0.7465,kWh/m3
fips48305,0.72,0.28,0.0,3.240283005658537,1.0,0.0,2.4400000000000004,64.93662594962831,0.2212,0.5898,kWh/m3
fips48317,0.951,0.049,0.0,3.703080877881874,1.0,0.0,2.9019999999999997,74.36371944833712,0.2533,0.6754,kWh/m3
fips48321,0.267,0.0,0.733,7.945279422352941,0.8539805820050623,0.1460194179949376,1.10153,85.7879671334337,0.2922,0.7792,kWh/m3
fips48323,0.003,0.017,0.98,5.980176,0.0019984759386402,0.9980015240613598,0.4278,7.164181303276083,0.0244,0.0651,kWh/m3
fips48325,0.38,0.0,0.62,6.997017982978725,0.6436559935964156,0.3563440064035844,1.3942,62.09029305115475,0.2115,0.5639,kWh/m3
fips48335,0.946,0.054,0.0,11.425861828753993,1.0,0.0,2.892,152.98533974265027,0.5211,1.3895,kWh/m3
fips48341,0.895,0.0,0.105,15.976978259295954,1.0,0.0,2.72805,197.7067100845663,0.6734,1.7957,kWh/m3
fips48353,0.89,0.018,0.092,7.265115664558522,0.9781988255459778,0.0218011744540222,2.72572,106.6567147124772,0.3633,0.9687,kWh/m3
fips48357,0.474,0.0,0.526,15.60436981463415,1.0,0.0,1.63766,182.79337221849286,0.6226,1.6602,kWh/m3
fips48369,0.94,0.06,0.0,11.535229379533437,1.0,0.0,2.88,153.9778733897394,0.5244,1.3985,kWh/m3
fips48371,0.153,0.076,0.771,26.866214301260374,0.9838185308180992,0.0161814691819006,0.85111,285.0032341720161,0.9707,2.5886,kWh/m3
fips48383,0.098,0.0,0.902,9.13657190296029,1.0,0.0,0.6638200000000001,106.93569727788265,0.3642,0.9713,kWh/m3
fips48389,0.446,0.013,0.54,33.8896311631579,0.7830590135620301,0.2169409864379698,1.5724,290.1005417077309,0.9881,2.6349,kWh/m3
fips48395,0.129,0.014,0.857,3.173203447929516,0.9743439230834284,0.0256560769165716,0.75237,46.023023788050814,0.1568,0.418,kWh/m3
fips48421,0.952,0.0,0.048,13.523406980930234,1.0,0.0,2.87568,174.20068278216345,0.5933,1.5822,kWh/m3
fips48437,0.73,0.27,0.0,4.10938170962963,1.0,0.0,2.46,73.99981355381884,0.252,0.6721,kWh/m3
fips48445,1.0,0.0,0.0,4.534817533070116,0.9921982909245416,0.0078017090754582,3.0,83.24192740815943,0.2835,0.7561,kWh/m3
fips48451,0.415,0.027,0.558,3.697261824578314,0.9576713619289112,0.0423286380710886,1.5007799999999998,57.77793877173655,0.1968,0.5248,kWh/m3
fips48463,0.568,0.004,0.428,11.09544136,0.9917467125038978,0.0082532874961022,1.8834799999999998,138.24467472606133,0.4709,1.2556,kWh/m3
fips48481,0.147,0.001,0.852,10.712537227317071,0.8130264051326281,0.1869735948673719,0.7913199999999999,102.37451260636696,0.3487,0.9298,kWh/m3
fips48483,1.0,0.0,0.0,3.793637862524273,0.9618987745883152,0.0381012254116847,3.0,73.64721646237388,0.2508,0.6689,kWh/m3
fips48487,1.0,0.0,0.0,1.3807393701265829,0.9966753510314648,0.003324648968535,3.0,51.54102904687328,0.1755,0.4681,kWh/m3
fips48489,0.018,0.0,0.982,19.50062096911455,0.0006954284010219,0.999304571598978,0.45661999999999997,7.1751155165745155,0.0244,0.0652,kWh/m3
fips48493,0.96,0.005,0.034,23.190082497391305,0.9251547979044225,0.0748452020955775,2.89894,253.07221545461755,0.862,2.2986,kWh/m3
fips48501,0.99,0.01,0.0,5.644056178723404,1.0,0.0,2.9799999999999995,94.94450742837311,0.3234,0.8623,kWh/m3
fips48507,0.315,0.0,0.685,18.426915648000005,0.9387291911654024,0.0612708088345975,1.22585,195.0930152997987,0.6645,1.772,kWh/m3
fips49001,0.748,0.0,0.252,11.960352,0.6334713709176221,0.366528629082378,2.34732,99.42406316493043,0.3386,0.903,kWh/m3
fips49003,0.302,0.002,0.696,11.960352,0.1081634512650191,0.8918365487349809,1.1933599999999998,21.536706288135544,0.0734,0.1956,kWh/m3
fips49005,0.633,0.0,0.367,11.960352,0.1196653731880113,0.8803346268119887,2.04947,24.123247481423146,0.0822,0.2191,kWh/m3
fips49007,0.543,0.0,0.457,11.960352,0.002867154633448,0.997132845366552,1.81637,7.436289422181701,0.0253,0.0675,kWh/m3
fips49009,0.498,0.0,0.502,11.960352,0.0054990916966941,0.9945009083033056,1.6998199999999999,7.799373480332448,0.0266,0.0708,kWh/m3
fips49011,0.163,0.0,0.837,11.960352,0.0473371405958472,0.9526628594041529,0.83217,13.206538353613336,0.045,0.12,kWh/m3
fips49013,0.572,0.0,0.428,11.960352,0.0003491247711975,0.9996508752288024,1.8914799999999998,7.082935960016983,0.0241,0.0643,kWh/m3
fips49015,0.446,0.0,0.554,11.960352,0.000845137690734,0.999154862309266,1.56514,7.150162110855465,0.0244,0.0649,kWh/m3
fips49017,0.539,0.0,0.461,11.960352,0.0196627717116678,0.980337228288332,1.80601,9.792913693233217,0.0334,0.0889,kWh/m3
fips49019,0.658,0.0,0.342,11.960352,0.0286152464169514,0.9713847535830484,2.1142200000000004,11.139116676790259,0.0379,0.1012,kWh/m3
fips49021,0.931,0.0,0.069,11.960352,0.8504524626030664,0.1495475373969336,2.8212900000000003,135.17924403890842,0.4604,1.2278,kWh/m3
fips49023,0.796,0.0,0.204,11.960352,0.5571548153299071,0.442845184670093,2.47164,88.99952943529762,0.3031,0.8084,kWh/m3
fips49025,0.429,0.0,0.571,11.960352,0.0812531729820527,0.9187468270179472,1.52111,18.1999140054737,0.062,0.1653,kWh/m3
fips49027,0.407,0.0,0.593,11.960352,0.6000335807492669,0.3999664192507332,1.46413,89.14515804448602,0.3036,0.8097,kWh/m3
fips49029,0.285,0.0,0.715,11.960352,0.0030960158733972,0.9969039841266027,1.14815,7.447340777456257,0.0254,0.0676,kWh/m3
fips49031,0.317,0.0,0.683,11.960352,0.0427152647882286,0.9572847352117714,1.23103,12.777506371586876,0.0435,0.1161,kWh/m3
fips49033,0.148,0.0,0.852,11.960352,0.0090311288113839,0.990968871188616,0.7933199999999999,8.207747753824057,0.028,0.0745,kWh/m3
fips49035,0.303,0.002,0.695,11.960352,0.03240322165791,0.96759677834209,1.19595,11.379271864468954,0.0388,0.1034,kWh/m3
fips49037,0.561,0.0,0.439,11.960352,0.0746628861631587,0.9253371138368413,1.8629900000000004,17.554440470340577,0.0598,0.1594,kWh/m3
fips49039,0.512,0.0,0.488,11.960352,0.0439567971843898,0.9560432028156102,1.73608,13.170757222974375,0.0449,0.1196,kWh/m3
fips49041,0.255,0.0,0.745,11.960352,0.3717714898684144,0.6282285101315854,1.0704500000000001,56.416724502755486,0.1922,0.5124,kWh/m3
fips49043,0.186,0.0,0.814,11.960352,0.0024281755388315,0.9975718244611684,0.89174,7.351754693345687,0.025,0.0668,kWh/m3
fips49045,0.514,0.0,0.486,11.960352,0.2683301423446957,0.7316698576553043,1.74126,44.51126909594078,0.1516,0.4043,kWh/m3
fips49047,0.562,0.0,0.438,11.960352,0.0054585128198656,0.9945414871801344,1.8655800000000002,7.8029462494249735,0.0266,0.0709,kWh/m3
fips49049,0.38,0.007,0.613,11.960352,0.1452668799884361,0.8547331200115639,1.39833,26.815229917407553,0.0913,0.2436,kWh/m3
fips49051,0.524,0.001,0.476,11.960352,0.0170652362570466,0.9829347637429532,1.76816,9.421817540649329,0.0321,0.0856,kWh/m3
fips49053,0.507,0.0,0.493,11.960352,0.1464454223898158,0.8535545776101842,1.7231299999999998,27.46058411063651,0.0935,0.2494,kWh/m3
fips49055,0.678,0.0,0.322,11.960352,0.0225148357082825,0.9774851642917176,2.16602,10.275769059470765,0.035,0.0933,kWh/m3
fips49057,0.162,0.001,0.837,11.960352,0.0245854359936119,0.975414564006388,0.83017,10.239149438897906,0.0349,0.093,kWh/m3
fips51001,0.503,0.497,0.0,7.437284543379055,0.1173800286152764,0.8826199713847236,2.006,18.332854331539554,0.0624,0.1665,kWh/m3
fips53001,0.792,0.033,0.175,3.19939416,0.5265901928516519,0.4734098071483481,2.4807500000000005,37.524038824052845,0.1278,0.3408,kWh/m3
fips53005,0.881,0.035,0.084,3.19939416,0.1960356791209142,0.8039643208790858,2.71244,18.847404937877872,0.0642,0.1712,kWh/m3
fips53007,0.994,0.006,0.0,3.19939416,0.0618166241399047,0.9381833758600951,2.988,10.932556770582686,0.0372,0.0993,kWh/m3
fips53017,0.944,0.056,0.0,3.19939416,0.2086668148614622,0.7913331851385378,2.888,19.98203007312402,0.0681,0.1815,kWh/m3
fips53021,0.859,0.059,0.082,3.19939416,0.2839766531158689,0.716023346884131,2.66962,24.02306827978025,0.0818,0.2182,kWh/m3
fips53025,0.745,0.048,0.207,3.19939416,0.2839134210605434,0.7160865789394566,2.36787,23.145983828882287,0.0788,0.2102,kWh/m3
fips53037,0.474,0.049,0.477,3.19939416,0.1633229739996833,0.8366770260003167,1.6665699999999999,15.134798552365654,0.0515,0.1375,kWh/m3
fips53039,0.877,0.058,0.065,3.19939416,0.7663722661798215,0.2336277338201784,2.71565,53.242872553036875,0.1813,0.4836,kWh/m3
fips53043,0.937,0.063,0.0,3.19939416,0.8252685989495298,0.1747314010504702,2.874,58.126212938750825,0.198,0.5279,kWh/m3
fips53047,0.928,0.063,0.009,3.19939416,0.4712135182937809,0.5287864817062192,2.85069,36.09461205919545,0.1229,0.3278,kWh/m3
fips53057,0.953,0.047,0.0,3.19939416,0.8084784625564914,0.1915215374435085,2.906,57.350455492132326,0.1953,0.5209,kWh/m3
fips53071,0.93,0.07,0.0,3.19939416,0.472917777734198,0.5270822222658019,2.86,36.24459959798958,0.1234,0.3292,kWh/m3
fips53073,0.948,0.052,0.0,3.19939416,0.9041148839705406,0.0958851160294592,2.896,63.2103627290837,0.2153,0.5741,kWh/m3
fips53077,0.712,0.05,0.238,3.19939416,0.2479461952807259,0.752053804719274,2.28358,20.89176943725315,0.0712,0.1898,kWh/m3
fips55001,0.984,0.0,0.016,7.437284543379055,0.8323354120458442,0.1676645879541557,2.95856,95.23781398142656,0.3244,0.865,kWh/m3
fips55033,1.0,0.0,0.0,7.437284543379055,0.9962571006372546,0.0037428993627454,3.0,113.02975369737867,0.385,1.0266,kWh/m3
fips55053,0.554,0.01,0.437,7.437284543379055,0.1664922926116632,0.8335077073883367,1.8511700000000002,22.79771755093168,0.0776,0.2071,kWh/m3
fips55057,0.807,0.001,0.192,7.437284543379055,0.5036373574422365,0.4963626425577635,2.5007200000000003,58.054539719432896,0.1977,0.5273,kWh/m3
fips55067,0.995,0.005,0.0,7.437284543379055,0.9913248663142428,0.0086751336857571,2.9899999999999998,112.40393940862191,0.3828,1.0209,kWh/m3
fips55081,0.153,0.016,0.831,7.437284543379055,0.1344484283448409,0.865551571655159,0.8157099999999999,18.34456825174171,0.0625,0.1666,kWh/m3
fips55085,0.688,0.0,0.312,7.437284543379055,0.0311903583967809,0.9688096416032193,2.19192,10.095192056920526,0.0344,0.0917,kWh/m3
fips55097,0.98,0.013,0.007,7.437284543379055,0.7918461449707994,0.2081538550292006,2.95587,90.9253757315031,0.3097,0.8258,kWh/m3
fips55137,0.998,0.002,0.0,7.437284543379055,0.9919008234525843,0.0080991765474154,2.9959999999999996,112.52582599279106,0.3833,1.022,kWh/m3
fips55141,0.123,0.011,0.866,7.437284543379055,0.0706490546531769,0.929350945346823,0.73506,12.91914797441161,0.044,0.1173,kWh/m3
fips56001,0.017,0.0,0.983,7.437284543379055,0.0,1.0,0.45402999999999993,7.033639143730886,0.024,0.0639,kWh/m3
fips56003,0.038,0.0,0.962,7.437284543379055,0.0065323125483507,0.9934676874516492,0.5084199999999999,7.562730127361896,0.0258,0.0687,kWh/m3
fips56007,0.007,0.0,0.993,7.437284543379055,0.0040401399083739,0.995959860091626,0.42813,7.357567535092865,0.0251,0.0668,kWh/m3
fips56009,0.111,0.0,0.888,7.437284543379055,0.0256445804366849,0.9743554195633152,0.6970799999999999,9.160064891274228,0.0312,0.0832,kWh/m3
fips56011,0.523,0.0,0.477,7.437284543379055,0.0597673291611956,0.9402326708388042,1.76457,12.639860034531896,0.0431,0.1148,kWh/m3
fips56013,0.072,0.0,0.928,7.437284543379055,0.0,1.0,0.5964799999999999,7.033639143730886,0.024,0.0639,kWh/m3
fips56015,0.241,0.0,0.759,7.437284543379055,0.2734018831195235,0.7265981168804765,1.03419,30.64339544300651,0.1044,0.2783,kWh/m3
fips56017,0.033,0.0,0.967,7.437284543379055,0.0380513525315854,0.9619486474684144,0.49546999999999997,10.110622218926117,0.0344,0.0918,kWh/m3
fips56019,0.165,0.0,0.835,7.437284543379055,0.0035350092210156,0.9964649907789844,0.83735,7.331813551594078,0.025,0.0666,kWh/m3
fips56021,0.79,0.002,0.208,7.437284543379055,0.740945120159473,0.259054879840527,2.45728,81.7668635526978,0.2785,0.7427,kWh/m3
fips56023,0.478,0.0,0.522,7.437284543379055,0.020500317123669,0.979499682876331,1.6480199999999998,8.932228586181257,0.0304,0.0811,kWh/m3
fips56025,0.081,0.0,0.919,7.437284543379055,0.0,1.0,0.6197900000000001,7.033639143730886,0.024,0.0639,kWh/m3
fips56027,0.906,0.0,0.094,7.437284543379055,0.9196097474959688,0.0803902525040311,2.7565399999999998,102.59266477426117,0.3494,0.9318,kWh/m3
fips56029,0.041,0.049,0.91,7.437284543379055,0.0,1.0,0.5450999999999999,7.033639143730886,0.024,0.0639,kWh/m3
fips56031,0.208,0.0,0.792,7.437284543379055,0.2003188332004834,0.7996811667995166,0.94872,24.157743581484652,0.0823,0.2194,kWh/m3
fips56033,0.4,0.0,0.6,7.437284543379055,0.0,1.0,1.4460000000000002,7.033639143730886,0.024,0.0639,kWh/m3
fips56035,0.105,0.0,0.895,7.437284543379055,0.1223548200954737,0.8776451799045262,0.6819500000000001,17.16032091608664,0.0584,0.1559,kWh/m3
fips56037,0.438,0.0,0.562,7.437284543379055,0.1223461805816444,0.8776538194183555,1.5444200000000001,18.235242059074718,0.0621,0.1656,kWh/m3
fips56039,0.204,0.0,0.796,7.437284543379055,0.0,1.0,0.93836,7.033639143730886,0.024,0.0639,kWh/m3
fips56041,0.105,0.0,0.895,7.437284543379055,0.1223379453103967,0.8776620546896032,0.6819500000000001,17.158924276556476,0.0584,0.1558,kWh/m3
fips56043,0.08,0.0,0.92,7.437284543379055,0.0354403704969887,0.9645596295030112,0.6172,9.94346499877291,0.0339,0.0903,kWh/m3
fips56045,0.076,0.0,0.924,7.437284543379055,0.0202959226786467,0.9797040773213532,0.60684,8.697889192149086,0.0296,0.079,kWh/m3
