state,diesel,electric,natural_gas,LP_gas,total,diesel_percentage,electric_percentage,STUSPS,node
AL,650.0,1265.0,0.0,25.0,1940.0,0.3479381443298969,0.6520618556701031,AL,fips01003
AL,650.0,1265.0,0.0,25.0,1940.0,0.3479381443298969,0.6520618556701031,AL,fips01083
AL,650.0,1265.0,0.0,25.0,1940.0,0.3479381443298969,0.6520618556701031,AL,fips01097
AZ,320.0,3944.0,124.0,0.0,4388.0,0.072926162260711,0.927073837739289,AZ,fips04003
AZ,320.0,3944.0,124.0,0.0,4388.0,0.072926162260711,0.927073837739289,AZ,fips04009
AZ,320.0,3944.0,124.0,0.0,4388.0,0.072926162260711,0.927073837739289,AZ,fips04012
AZ,320.0,3944.0,124.0,0.0,4388.0,0.072926162260711,0.927073837739289,AZ,fips04013
AZ,320.0,3944.0,124.0,0.0,4388.0,0.072926162260711,0.927073837739289,AZ,fips04015
AZ,320.0,3944.0,124.0,0.0,4388.0,0.072926162260711,0.927073837739289,AZ,fips04019
AZ,320.0,3944.0,124.0,0.0,4388.0,0.072926162260711,0.927073837739289,AZ,fips04021
AZ,320.0,3944.0,124.0,0.0,4388.0,0.072926162260711,0.927073837739289,AZ,fips04025
AZ,320.0,3944.0,124.0,0.0,4388.0,0.072926162260711,0.927073837739289,AZ,fips04027
AR,22155.0,21194.0,889.0,791.0,45029.0,0.5095827133624997,0.4904172866375003,AR,fips05001
AR,22155.0,21194.0,889.0,791.0,45029.0,0.5095827133624997,0.4904172866375003,AR,fips05003
AR,22155.0,21194.0,889.0,791.0,45029.0,0.5095827133624997,0.4904172866375003,AR,fips05017
AR,22155.0,21194.0,889.0,791.0,45029.0,0.5095827133624997,0.4904172866375003,AR,fips05021
AR,22155.0,21194.0,889.0,791.0,45029.0,0.5095827133624997,0.4904172866375003,AR,fips05031
AR,22155.0,21194.0,889.0,791.0,45029.0,0.5095827133624997,0.4904172866375003,AR,fips05035
AR,22155.0,21194.0,889.0,791.0,45029.0,0.5095827133624997,0.4904172866375003,AR,fips05037
AR,22155.0,21194.0,889.0,791.0,45029.0,0.5095827133624997,0.4904172866375003,AR,fips05041
AR,22155.0,21194.0,889.0,791.0,45029.0,0.5095827133624997,0.4904172866375003,AR,fips05043
AR,22155.0,21194.0,889.0,791.0,45029.0,0.5095827133624997,0.4904172866375003,AR,fips05055
AR,22155.0,21194.0,889.0,791.0,45029.0,0.5095827133624997,0.4904172866375003,AR,fips05063
AR,22155.0,21194.0,889.0,791.0,45029.0,0.5095827133624997,0.4904172866375003,AR,fips05067
AR,22155.0,21194.0,889.0,791.0,45029.0,0.5095827133624997,0.4904172866375003,AR,fips05069
AR,22155.0,21194.0,889.0,791.0,45029.0,0.5095827133624997,0.4904172866375003,AR,fips05073
AR,22155.0,21194.0,889.0,791.0,45029.0,0.5095827133624997,0.4904172866375003,AR,fips05075
AR,22155.0,21194.0,889.0,791.0,45029.0,0.5095827133624997,0.4904172866375003,AR,fips05077
AR,22155.0,21194.0,889.0,791.0,45029.0,0.5095827133624997,0.4904172866375003,AR,fips05079
AR,22155.0,21194.0,889.0,791.0,45029.0,0.5095827133624997,0.4904172866375003,AR,fips05081
AR,22155.0,21194.0,889.0,791.0,45029.0,0.5095827133624997,0.4904172866375003,AR,fips05085
AR,22155.0,21194.0,889.0,791.0,45029.0,0.5095827133624997,0.4904172866375003,AR,fips05093
AR,22155.0,21194.0,889.0,791.0,45029.0,0.5095827133624997,0.4904172866375003,AR,fips05095
AR,22155.0,21194.0,889.0,791.0,45029.0,0.5095827133624997,0.4904172866375003,AR,fips05107
AR,22155.0,21194.0,889.0,791.0,45029.0,0.5095827133624997,0.4904172866375003,AR,fips05111
AR,22155.0,21194.0,889.0,791.0,45029.0,0.5095827133624997,0.4904172866375003,AR,fips05117
AR,22155.0,21194.0,889.0,791.0,45029.0,0.5095827133624997,0.4904172866375003,AR,fips05119
AR,22155.0,21194.0,889.0,791.0,45029.0,0.5095827133624997,0.4904172866375003,AR,fips05121
AR,22155.0,21194.0,889.0,791.0,45029.0,0.5095827133624997,0.4904172866375003,AR,fips05123
AR,22155.0,21194.0,889.0,791.0,45029.0,0.5095827133624997,0.4904172866375003,AR,fips05145
AR,22155.0,21194.0,889.0,791.0,45029.0,0.5095827133624997,0.4904172866375003,AR,fips05147
CA,8043.0,84856.0,809.0,598.0,94306.0,0.091627255954022,0.908372744045978,CA,fips06001
CA,8043.0,84856.0,809.0,598.0,94306.0,0.091627255954022,0.908372744045978,CA,fips06005
CA,8043.0,84856.0,809.0,598.0,94306.0,0.091627255954022,0.908372744045978,CA,fips06007
CA,8043.0,84856.0,809.0,598.0,94306.0,0.091627255954022,0.908372744045978,CA,fips06009
CA,8043.0,84856.0,809.0,598.0,94306.0,0.091627255954022,0.908372744045978,CA,fips06011
CA,8043.0,84856.0,809.0,598.0,94306.0,0.091627255954022,0.908372744045978,CA,fips06013
CA,8043.0,84856.0,809.0,598.0,94306.0,0.091627255954022,0.908372744045978,CA,fips06015
CA,8043.0,84856.0,809.0,598.0,94306.0,0.091627255954022,0.908372744045978,CA,fips06017
CA,8043.0,84856.0,809.0,598.0,94306.0,0.091627255954022,0.908372744045978,CA,fips06019
CA,8043.0,84856.0,809.0,598.0,94306.0,0.091627255954022,0.908372744045978,CA,fips06021
CA,8043.0,84856.0,809.0,598.0,94306.0,0.091627255954022,0.908372744045978,CA,fips06023
CA,8043.0,84856.0,809.0,598.0,94306.0,0.091627255954022,0.908372744045978,CA,fips06025
CA,8043.0,84856.0,809.0,598.0,94306.0,0.091627255954022,0.908372744045978,CA,fips06027
CA,8043.0,84856.0,809.0,598.0,94306.0,0.091627255954022,0.908372744045978,CA,fips06029
CA,8043.0,84856.0,809.0,598.0,94306.0,0.091627255954022,0.908372744045978,CA,fips06031
CA,8043.0,84856.0,809.0,598.0,94306.0,0.091627255954022,0.908372744045978,CA,fips06033
CA,8043.0,84856.0,809.0,598.0,94306.0,0.091627255954022,0.908372744045978,CA,fips06035
CA,8043.0,84856.0,809.0,598.0,94306.0,0.091627255954022,0.908372744045978,CA,fips06037
CA,8043.0,84856.0,809.0,598.0,94306.0,0.091627255954022,0.908372744045978,CA,fips06039
CA,8043.0,84856.0,809.0,598.0,94306.0,0.091627255954022,0.908372744045978,CA,fips06041
CA,8043.0,84856.0,809.0,598.0,94306.0,0.091627255954022,0.908372744045978,CA,fips06043
CA,8043.0,84856.0,809.0,598.0,94306.0,0.091627255954022,0.908372744045978,CA,fips06045
CA,8043.0,84856.0,809.0,598.0,94306.0,0.091627255954022,0.908372744045978,CA,fips06047
CA,8043.0,84856.0,809.0,598.0,94306.0,0.091627255954022,0.908372744045978,CA,fips06049
CA,8043.0,84856.0,809.0,598.0,94306.0,0.091627255954022,0.908372744045978,CA,fips06051
CA,8043.0,84856.0,809.0,598.0,94306.0,0.091627255954022,0.908372744045978,CA,fips06053
CA,8043.0,84856.0,809.0,598.0,94306.0,0.091627255954022,0.908372744045978,CA,fips06055
CA,8043.0,84856.0,809.0,598.0,94306.0,0.091627255954022,0.908372744045978,CA,fips06057
CA,8043.0,84856.0,809.0,598.0,94306.0,0.091627255954022,0.908372744045978,CA,fips06061
CA,8043.0,84856.0,809.0,598.0,94306.0,0.091627255954022,0.908372744045978,CA,fips06063
CA,8043.0,84856.0,809.0,598.0,94306.0,0.091627255954022,0.908372744045978,CA,fips06065
CA,8043.0,84856.0,809.0,598.0,94306.0,0.091627255954022,0.908372744045978,CA,fips06067
CA,8043.0,84856.0,809.0,598.0,94306.0,0.091627255954022,0.908372744045978,CA,fips06069
CA,8043.0,84856.0,809.0,598.0,94306.0,0.091627255954022,0.908372744045978,CA,fips06071
CA,8043.0,84856.0,809.0,598.0,94306.0,0.091627255954022,0.908372744045978,CA,fips06073
CA,8043.0,84856.0,809.0,598.0,94306.0,0.091627255954022,0.908372744045978,CA,fips06077
CA,8043.0,84856.0,809.0,598.0,94306.0,0.091627255954022,0.908372744045978,CA,fips06079
CA,8043.0,84856.0,809.0,598.0,94306.0,0.091627255954022,0.908372744045978,CA,fips06081
CA,8043.0,84856.0,809.0,598.0,94306.0,0.091627255954022,0.908372744045978,CA,fips06083
CA,8043.0,84856.0,809.0,598.0,94306.0,0.091627255954022,0.908372744045978,CA,fips06087
CA,8043.0,84856.0,809.0,598.0,94306.0,0.091627255954022,0.908372744045978,CA,fips06089
CA,8043.0,84856.0,809.0,598.0,94306.0,0.091627255954022,0.908372744045978,CA,fips06091
CA,8043.0,84856.0,809.0,598.0,94306.0,0.091627255954022,0.908372744045978,CA,fips06093
CA,8043.0,84856.0,809.0,598.0,94306.0,0.091627255954022,0.908372744045978,CA,fips06095
CA,8043.0,84856.0,809.0,598.0,94306.0,0.091627255954022,0.908372744045978,CA,fips06097
CA,8043.0,84856.0,809.0,598.0,94306.0,0.091627255954022,0.908372744045978,CA,fips06099
CA,8043.0,84856.0,809.0,598.0,94306.0,0.091627255954022,0.908372744045978,CA,fips06101
CA,8043.0,84856.0,809.0,598.0,94306.0,0.091627255954022,0.908372744045978,CA,fips06103
CA,8043.0,84856.0,809.0,598.0,94306.0,0.091627255954022,0.908372744045978,CA,fips06105
CA,8043.0,84856.0,809.0,598.0,94306.0,0.091627255954022,0.908372744045978,CA,fips06107
CA,8043.0,84856.0,809.0,598.0,94306.0,0.091627255954022,0.908372744045978,CA,fips06111
CA,8043.0,84856.0,809.0,598.0,94306.0,0.091627255954022,0.908372744045978,CA,fips06113
CA,8043.0,84856.0,809.0,598.0,94306.0,0.091627255954022,0.908372744045978,CA,fips06115
CO,544.0,13654.0,258.0,148.0,14604.0,0.0473842782799233,0.9526157217200768,CO,fips08001
CO,544.0,13654.0,258.0,148.0,14604.0,0.0473842782799233,0.9526157217200768,CO,fips08003
CO,544.0,13654.0,258.0,148.0,14604.0,0.0473842782799233,0.9526157217200768,CO,fips08007
CO,544.0,13654.0,258.0,148.0,14604.0,0.0473842782799233,0.9526157217200768,CO,fips08009
CO,544.0,13654.0,258.0,148.0,14604.0,0.0473842782799233,0.9526157217200768,CO,fips08011
CO,544.0,13654.0,258.0,148.0,14604.0,0.0473842782799233,0.9526157217200768,CO,fips08013
CO,544.0,13654.0,258.0,148.0,14604.0,0.0473842782799233,0.9526157217200768,CO,fips08015
CO,544.0,13654.0,258.0,148.0,14604.0,0.0473842782799233,0.9526157217200768,CO,fips08017
CO,544.0,13654.0,258.0,148.0,14604.0,0.0473842782799233,0.9526157217200768,CO,fips08021
CO,544.0,13654.0,258.0,148.0,14604.0,0.0473842782799233,0.9526157217200768,CO,fips08023
CO,544.0,13654.0,258.0,148.0,14604.0,0.0473842782799233,0.9526157217200768,CO,fips08025
CO,544.0,13654.0,258.0,148.0,14604.0,0.0473842782799233,0.9526157217200768,CO,fips08027
CO,544.0,13654.0,258.0,148.0,14604.0,0.0473842782799233,0.9526157217200768,CO,fips08029
CO,544.0,13654.0,258.0,148.0,14604.0,0.0473842782799233,0.9526157217200768,CO,fips08037
CO,544.0,13654.0,258.0,148.0,14604.0,0.0473842782799233,0.9526157217200768,CO,fips08039
CO,544.0,13654.0,258.0,148.0,14604.0,0.0473842782799233,0.9526157217200768,CO,fips08043
CO,544.0,13654.0,258.0,148.0,14604.0,0.0473842782799233,0.9526157217200768,CO,fips08045
CO,544.0,13654.0,258.0,148.0,14604.0,0.0473842782799233,0.9526157217200768,CO,fips08049
CO,544.0,13654.0,258.0,148.0,14604.0,0.0473842782799233,0.9526157217200768,CO,fips08051
CO,544.0,13654.0,258.0,148.0,14604.0,0.0473842782799233,0.9526157217200768,CO,fips08053
CO,544.0,13654.0,258.0,148.0,14604.0,0.0473842782799233,0.9526157217200768,CO,fips08055
CO,544.0,13654.0,258.0,148.0,14604.0,0.0473842782799233,0.9526157217200768,CO,fips08057
CO,544.0,13654.0,258.0,148.0,14604.0,0.0473842782799233,0.9526157217200768,CO,fips08059
CO,544.0,13654.0,258.0,148.0,14604.0,0.0473842782799233,0.9526157217200768,CO,fips08063
CO,544.0,13654.0,258.0,148.0,14604.0,0.0473842782799233,0.9526157217200768,CO,fips08065
CO,544.0,13654.0,258.0,148.0,14604.0,0.0473842782799233,0.9526157217200768,CO,fips08067
CO,544.0,13654.0,258.0,148.0,14604.0,0.0473842782799233,0.9526157217200768,CO,fips08069
CO,544.0,13654.0,258.0,148.0,14604.0,0.0473842782799233,0.9526157217200768,CO,fips08071
CO,544.0,13654.0,258.0,148.0,14604.0,0.0473842782799233,0.9526157217200768,CO,fips08075
CO,544.0,13654.0,258.0,148.0,14604.0,0.0473842782799233,0.9526157217200768,CO,fips08077
CO,544.0,13654.0,258.0,148.0,14604.0,0.0473842782799233,0.9526157217200768,CO,fips08081
CO,544.0,13654.0,258.0,148.0,14604.0,0.0473842782799233,0.9526157217200768,CO,fips08083
CO,544.0,13654.0,258.0,148.0,14604.0,0.0473842782799233,0.9526157217200768,CO,fips08085
CO,544.0,13654.0,258.0,148.0,14604.0,0.0473842782799233,0.9526157217200768,CO,fips08087
CO,544.0,13654.0,258.0,148.0,14604.0,0.0473842782799233,0.9526157217200768,CO,fips08089
CO,544.0,13654.0,258.0,148.0,14604.0,0.0473842782799233,0.9526157217200768,CO,fips08091
CO,544.0,13654.0,258.0,148.0,14604.0,0.0473842782799233,0.9526157217200768,CO,fips08093
CO,544.0,13654.0,258.0,148.0,14604.0,0.0473842782799233,0.9526157217200768,CO,fips08095
CO,544.0,13654.0,258.0,148.0,14604.0,0.0473842782799233,0.9526157217200768,CO,fips08097
CO,544.0,13654.0,258.0,148.0,14604.0,0.0473842782799233,0.9526157217200768,CO,fips08099
CO,544.0,13654.0,258.0,148.0,14604.0,0.0473842782799233,0.9526157217200768,CO,fips08101
CO,544.0,13654.0,258.0,148.0,14604.0,0.0473842782799233,0.9526157217200768,CO,fips08103
CO,544.0,13654.0,258.0,148.0,14604.0,0.0473842782799233,0.9526157217200768,CO,fips08105
CO,544.0,13654.0,258.0,148.0,14604.0,0.0473842782799233,0.9526157217200768,CO,fips08107
CO,544.0,13654.0,258.0,148.0,14604.0,0.0473842782799233,0.9526157217200768,CO,fips08109
CO,544.0,13654.0,258.0,148.0,14604.0,0.0473842782799233,0.9526157217200768,CO,fips08113
CO,544.0,13654.0,258.0,148.0,14604.0,0.0473842782799233,0.9526157217200768,CO,fips08115
CO,544.0,13654.0,258.0,148.0,14604.0,0.0473842782799233,0.9526157217200768,CO,fips08117
CO,544.0,13654.0,258.0,148.0,14604.0,0.0473842782799233,0.9526157217200768,CO,fips08121
CO,544.0,13654.0,258.0,148.0,14604.0,0.0473842782799233,0.9526157217200768,CO,fips08123
CO,544.0,13654.0,258.0,148.0,14604.0,0.0473842782799233,0.9526157217200768,CO,fips08125
DE,963.0,1880.0,0.0,0.0,2843.0,0.3387266971508969,0.661273302849103,DE,fips10001
DE,963.0,1880.0,0.0,0.0,2843.0,0.3387266971508969,0.661273302849103,DE,fips10005
FL,9067.0,11408.0,54.0,58.0,20587.0,0.4432408801670957,0.5567591198329043,FL,fips12001
FL,9067.0,11408.0,54.0,58.0,20587.0,0.4432408801670957,0.5567591198329043,FL,fips12009
FL,9067.0,11408.0,54.0,58.0,20587.0,0.4432408801670957,0.5567591198329043,FL,fips12011
FL,9067.0,11408.0,54.0,58.0,20587.0,0.4432408801670957,0.5567591198329043,FL,fips12015
FL,9067.0,11408.0,54.0,58.0,20587.0,0.4432408801670957,0.5567591198329043,FL,fips12021
FL,9067.0,11408.0,54.0,58.0,20587.0,0.4432408801670957,0.5567591198329043,FL,fips12027
FL,9067.0,11408.0,54.0,58.0,20587.0,0.4432408801670957,0.5567591198329043,FL,fips12035
FL,9067.0,11408.0,54.0,58.0,20587.0,0.4432408801670957,0.5567591198329043,FL,fips12041
FL,9067.0,11408.0,54.0,58.0,20587.0,0.4432408801670957,0.5567591198329043,FL,fips12043
FL,9067.0,11408.0,54.0,58.0,20587.0,0.4432408801670957,0.5567591198329043,FL,fips12047
FL,9067.0,11408.0,54.0,58.0,20587.0,0.4432408801670957,0.5567591198329043,FL,fips12049
FL,9067.0,11408.0,54.0,58.0,20587.0,0.4432408801670957,0.5567591198329043,FL,fips12051
FL,9067.0,11408.0,54.0,58.0,20587.0,0.4432408801670957,0.5567591198329043,FL,fips12055
FL,9067.0,11408.0,54.0,58.0,20587.0,0.4432408801670957,0.5567591198329043,FL,fips12057
FL,9067.0,11408.0,54.0,58.0,20587.0,0.4432408801670957,0.5567591198329043,FL,fips12061
FL,9067.0,11408.0,54.0,58.0,20587.0,0.4432408801670957,0.5567591198329043,FL,fips12063
FL,9067.0,11408.0,54.0,58.0,20587.0,0.4432408801670957,0.5567591198329043,FL,fips12069
FL,9067.0,11408.0,54.0,58.0,20587.0,0.4432408801670957,0.5567591198329043,FL,fips12071
FL,9067.0,11408.0,54.0,58.0,20587.0,0.4432408801670957,0.5567591198329043,FL,fips12075
FL,9067.0,11408.0,54.0,58.0,20587.0,0.4432408801670957,0.5567591198329043,FL,fips12079
FL,9067.0,11408.0,54.0,58.0,20587.0,0.4432408801670957,0.5567591198329043,FL,fips12081
FL,9067.0,11408.0,54.0,58.0,20587.0,0.4432408801670957,0.5567591198329043,FL,fips12083
FL,9067.0,11408.0,54.0,58.0,20587.0,0.4432408801670957,0.5567591198329043,FL,fips12085
FL,9067.0,11408.0,54.0,58.0,20587.0,0.4432408801670957,0.5567591198329043,FL,fips12086
FL,9067.0,11408.0,54.0,58.0,20587.0,0.4432408801670957,0.5567591198329043,FL,fips12093
FL,9067.0,11408.0,54.0,58.0,20587.0,0.4432408801670957,0.5567591198329043,FL,fips12095
FL,9067.0,11408.0,54.0,58.0,20587.0,0.4432408801670957,0.5567591198329043,FL,fips12097
FL,9067.0,11408.0,54.0,58.0,20587.0,0.4432408801670957,0.5567591198329043,FL,fips12099
FL,9067.0,11408.0,54.0,58.0,20587.0,0.4432408801670957,0.5567591198329043,FL,fips12101
FL,9067.0,11408.0,54.0,58.0,20587.0,0.4432408801670957,0.5567591198329043,FL,fips12105
FL,9067.0,11408.0,54.0,58.0,20587.0,0.4432408801670957,0.5567591198329043,FL,fips12107
FL,9067.0,11408.0,54.0,58.0,20587.0,0.4432408801670957,0.5567591198329043,FL,fips12109
FL,9067.0,11408.0,54.0,58.0,20587.0,0.4432408801670957,0.5567591198329043,FL,fips12111
FL,9067.0,11408.0,54.0,58.0,20587.0,0.4432408801670957,0.5567591198329043,FL,fips12121
FL,9067.0,11408.0,54.0,58.0,20587.0,0.4432408801670957,0.5567591198329043,FL,fips12127
GA,1959.0,11420.0,0.0,0.0,13379.0,0.146423499514164,0.853576500485836,GA,fips13007
GA,1959.0,11420.0,0.0,0.0,13379.0,0.146423499514164,0.853576500485836,GA,fips13027
GA,1959.0,11420.0,0.0,0.0,13379.0,0.146423499514164,0.853576500485836,GA,fips13033
GA,1959.0,11420.0,0.0,0.0,13379.0,0.146423499514164,0.853576500485836,GA,fips13037
GA,1959.0,11420.0,0.0,0.0,13379.0,0.146423499514164,0.853576500485836,GA,fips13069
GA,1959.0,11420.0,0.0,0.0,13379.0,0.146423499514164,0.853576500485836,GA,fips13071
GA,1959.0,11420.0,0.0,0.0,13379.0,0.146423499514164,0.853576500485836,GA,fips13081
GA,1959.0,11420.0,0.0,0.0,13379.0,0.146423499514164,0.853576500485836,GA,fips13087
GA,1959.0,11420.0,0.0,0.0,13379.0,0.146423499514164,0.853576500485836,GA,fips13093
GA,1959.0,11420.0,0.0,0.0,13379.0,0.146423499514164,0.853576500485836,GA,fips13095
GA,1959.0,11420.0,0.0,0.0,13379.0,0.146423499514164,0.853576500485836,GA,fips13099
GA,1959.0,11420.0,0.0,0.0,13379.0,0.146423499514164,0.853576500485836,GA,fips13155
GA,1959.0,11420.0,0.0,0.0,13379.0,0.146423499514164,0.853576500485836,GA,fips13163
GA,1959.0,11420.0,0.0,0.0,13379.0,0.146423499514164,0.853576500485836,GA,fips13177
GA,1959.0,11420.0,0.0,0.0,13379.0,0.146423499514164,0.853576500485836,GA,fips13193
GA,1959.0,11420.0,0.0,0.0,13379.0,0.146423499514164,0.853576500485836,GA,fips13201
GA,1959.0,11420.0,0.0,0.0,13379.0,0.146423499514164,0.853576500485836,GA,fips13205
GA,1959.0,11420.0,0.0,0.0,13379.0,0.146423499514164,0.853576500485836,GA,fips13235
GA,1959.0,11420.0,0.0,0.0,13379.0,0.146423499514164,0.853576500485836,GA,fips13243
GA,1959.0,11420.0,0.0,0.0,13379.0,0.146423499514164,0.853576500485836,GA,fips13251
GA,1959.0,11420.0,0.0,0.0,13379.0,0.146423499514164,0.853576500485836,GA,fips13253
GA,1959.0,11420.0,0.0,0.0,13379.0,0.146423499514164,0.853576500485836,GA,fips13261
GA,1959.0,11420.0,0.0,0.0,13379.0,0.146423499514164,0.853576500485836,GA,fips13273
GA,1959.0,11420.0,0.0,0.0,13379.0,0.146423499514164,0.853576500485836,GA,fips13277
GA,1959.0,11420.0,0.0,0.0,13379.0,0.146423499514164,0.853576500485836,GA,fips13287
GA,1959.0,11420.0,0.0,0.0,13379.0,0.146423499514164,0.853576500485836,GA,fips13315
GA,1959.0,11420.0,0.0,0.0,13379.0,0.146423499514164,0.853576500485836,GA,fips13321
ID,174.0,22839.0,0.0,47.0,23060.0,0.0095836947094535,0.9904163052905464,ID,fips16001
ID,174.0,22839.0,0.0,47.0,23060.0,0.0095836947094535,0.9904163052905464,ID,fips16003
ID,174.0,22839.0,0.0,47.0,23060.0,0.0095836947094535,0.9904163052905464,ID,fips16005
ID,174.0,22839.0,0.0,47.0,23060.0,0.0095836947094535,0.9904163052905464,ID,fips16007
ID,174.0,22839.0,0.0,47.0,23060.0,0.0095836947094535,0.9904163052905464,ID,fips16011
ID,174.0,22839.0,0.0,47.0,23060.0,0.0095836947094535,0.9904163052905464,ID,fips16013
ID,174.0,22839.0,0.0,47.0,23060.0,0.0095836947094535,0.9904163052905464,ID,fips16019
ID,174.0,22839.0,0.0,47.0,23060.0,0.0095836947094535,0.9904163052905464,ID,fips16021
ID,174.0,22839.0,0.0,47.0,23060.0,0.0095836947094535,0.9904163052905464,ID,fips16023
ID,174.0,22839.0,0.0,47.0,23060.0,0.0095836947094535,0.9904163052905464,ID,fips16025
ID,174.0,22839.0,0.0,47.0,23060.0,0.0095836947094535,0.9904163052905464,ID,fips16027
ID,174.0,22839.0,0.0,47.0,23060.0,0.0095836947094535,0.9904163052905464,ID,fips16029
ID,174.0,22839.0,0.0,47.0,23060.0,0.0095836947094535,0.9904163052905464,ID,fips16031
ID,174.0,22839.0,0.0,47.0,23060.0,0.0095836947094535,0.9904163052905464,ID,fips16033
ID,174.0,22839.0,0.0,47.0,23060.0,0.0095836947094535,0.9904163052905464,ID,fips16035
ID,174.0,22839.0,0.0,47.0,23060.0,0.0095836947094535,0.9904163052905464,ID,fips16037
ID,174.0,22839.0,0.0,47.0,23060.0,0.0095836947094535,0.9904163052905464,ID,fips16039
ID,174.0,22839.0,0.0,47.0,23060.0,0.0095836947094535,0.9904163052905464,ID,fips16041
ID,174.0,22839.0,0.0,47.0,23060.0,0.0095836947094535,0.9904163052905464,ID,fips16043
ID,174.0,22839.0,0.0,47.0,23060.0,0.0095836947094535,0.9904163052905464,ID,fips16045
ID,174.0,22839.0,0.0,47.0,23060.0,0.0095836947094535,0.9904163052905464,ID,fips16047
ID,174.0,22839.0,0.0,47.0,23060.0,0.0095836947094535,0.9904163052905464,ID,fips16049
ID,174.0,22839.0,0.0,47.0,23060.0,0.0095836947094535,0.9904163052905464,ID,fips16051
ID,174.0,22839.0,0.0,47.0,23060.0,0.0095836947094535,0.9904163052905464,ID,fips16053
ID,174.0,22839.0,0.0,47.0,23060.0,0.0095836947094535,0.9904163052905464,ID,fips16055
ID,174.0,22839.0,0.0,47.0,23060.0,0.0095836947094535,0.9904163052905464,ID,fips16057
ID,174.0,22839.0,0.0,47.0,23060.0,0.0095836947094535,0.9904163052905464,ID,fips16059
ID,174.0,22839.0,0.0,47.0,23060.0,0.0095836947094535,0.9904163052905464,ID,fips16061
ID,174.0,22839.0,0.0,47.0,23060.0,0.0095836947094535,0.9904163052905464,ID,fips16063
ID,174.0,22839.0,0.0,47.0,23060.0,0.0095836947094535,0.9904163052905464,ID,fips16065
ID,174.0,22839.0,0.0,47.0,23060.0,0.0095836947094535,0.9904163052905464,ID,fips16067
ID,174.0,22839.0,0.0,47.0,23060.0,0.0095836947094535,0.9904163052905464,ID,fips16069
ID,174.0,22839.0,0.0,47.0,23060.0,0.0095836947094535,0.9904163052905464,ID,fips16071
ID,174.0,22839.0,0.0,47.0,23060.0,0.0095836947094535,0.9904163052905464,ID,fips16073
ID,174.0,22839.0,0.0,47.0,23060.0,0.0095836947094535,0.9904163052905464,ID,fips16075
ID,174.0,22839.0,0.0,47.0,23060.0,0.0095836947094535,0.9904163052905464,ID,fips16077
ID,174.0,22839.0,0.0,47.0,23060.0,0.0095836947094535,0.9904163052905464,ID,fips16081
ID,174.0,22839.0,0.0,47.0,23060.0,0.0095836947094535,0.9904163052905464,ID,fips16083
ID,174.0,22839.0,0.0,47.0,23060.0,0.0095836947094535,0.9904163052905464,ID,fips16085
ID,174.0,22839.0,0.0,47.0,23060.0,0.0095836947094535,0.9904163052905464,ID,fips16087
IL,1300.0,3995.0,0.0,0.0,5295.0,0.2455146364494806,0.7544853635505193,IL,fips17017
IL,1300.0,3995.0,0.0,0.0,5295.0,0.2455146364494806,0.7544853635505193,IL,fips17101
IL,1300.0,3995.0,0.0,0.0,5295.0,0.2455146364494806,0.7544853635505193,IL,fips17125
IL,1300.0,3995.0,0.0,0.0,5295.0,0.2455146364494806,0.7544853635505193,IL,fips17179
IL,1300.0,3995.0,0.0,0.0,5295.0,0.2455146364494806,0.7544853635505193,IL,fips17193
IL,1300.0,3995.0,0.0,0.0,5295.0,0.2455146364494806,0.7544853635505193,IL,fips17195
IN,1457.0,3846.0,56.0,217.0,5576.0,0.3002152080344333,0.6997847919655668,IN,fips18073
IN,1457.0,3846.0,56.0,217.0,5576.0,0.3002152080344333,0.6997847919655668,IN,fips18091
KS,3183.0,7838.0,8392.0,416.0,19829.0,0.1815018407383125,0.8184981592616875,KS,fips20009
KS,3183.0,7838.0,8392.0,416.0,19829.0,0.1815018407383125,0.8184981592616875,KS,fips20023
KS,3183.0,7838.0,8392.0,416.0,19829.0,0.1815018407383125,0.8184981592616875,KS,fips20027
KS,3183.0,7838.0,8392.0,416.0,19829.0,0.1815018407383125,0.8184981592616875,KS,fips20029
KS,3183.0,7838.0,8392.0,416.0,19829.0,0.1815018407383125,0.8184981592616875,KS,fips20039
KS,3183.0,7838.0,8392.0,416.0,19829.0,0.1815018407383125,0.8184981592616875,KS,fips20047
KS,3183.0,7838.0,8392.0,416.0,19829.0,0.1815018407383125,0.8184981592616875,KS,fips20055
KS,3183.0,7838.0,8392.0,416.0,19829.0,0.1815018407383125,0.8184981592616875,KS,fips20057
KS,3183.0,7838.0,8392.0,416.0,19829.0,0.1815018407383125,0.8184981592616875,KS,fips20063
KS,3183.0,7838.0,8392.0,416.0,19829.0,0.1815018407383125,0.8184981592616875,KS,fips20065
KS,3183.0,7838.0,8392.0,416.0,19829.0,0.1815018407383125,0.8184981592616875,KS,fips20067
KS,3183.0,7838.0,8392.0,416.0,19829.0,0.1815018407383125,0.8184981592616875,KS,fips20069
KS,3183.0,7838.0,8392.0,416.0,19829.0,0.1815018407383125,0.8184981592616875,KS,fips20071
KS,3183.0,7838.0,8392.0,416.0,19829.0,0.1815018407383125,0.8184981592616875,KS,fips20075
KS,3183.0,7838.0,8392.0,416.0,19829.0,0.1815018407383125,0.8184981592616875,KS,fips20079
KS,3183.0,7838.0,8392.0,416.0,19829.0,0.1815018407383125,0.8184981592616875,KS,fips20081
KS,3183.0,7838.0,8392.0,416.0,19829.0,0.1815018407383125,0.8184981592616875,KS,fips20083
KS,3183.0,7838.0,8392.0,416.0,19829.0,0.1815018407383125,0.8184981592616875,KS,fips20089
KS,3183.0,7838.0,8392.0,416.0,19829.0,0.1815018407383125,0.8184981592616875,KS,fips20093
KS,3183.0,7838.0,8392.0,416.0,19829.0,0.1815018407383125,0.8184981592616875,KS,fips20095
KS,3183.0,7838.0,8392.0,416.0,19829.0,0.1815018407383125,0.8184981592616875,KS,fips20097
KS,3183.0,7838.0,8392.0,416.0,19829.0,0.1815018407383125,0.8184981592616875,KS,fips20101
KS,3183.0,7838.0,8392.0,416.0,19829.0,0.1815018407383125,0.8184981592616875,KS,fips20113
KS,3183.0,7838.0,8392.0,416.0,19829.0,0.1815018407383125,0.8184981592616875,KS,fips20119
KS,3183.0,7838.0,8392.0,416.0,19829.0,0.1815018407383125,0.8184981592616875,KS,fips20123
KS,3183.0,7838.0,8392.0,416.0,19829.0,0.1815018407383125,0.8184981592616875,KS,fips20129
KS,3183.0,7838.0,8392.0,416.0,19829.0,0.1815018407383125,0.8184981592616875,KS,fips20137
KS,3183.0,7838.0,8392.0,416.0,19829.0,0.1815018407383125,0.8184981592616875,KS,fips20145
KS,3183.0,7838.0,8392.0,416.0,19829.0,0.1815018407383125,0.8184981592616875,KS,fips20147
KS,3183.0,7838.0,8392.0,416.0,19829.0,0.1815018407383125,0.8184981592616875,KS,fips20151
KS,3183.0,7838.0,8392.0,416.0,19829.0,0.1815018407383125,0.8184981592616875,KS,fips20153
KS,3183.0,7838.0,8392.0,416.0,19829.0,0.1815018407383125,0.8184981592616875,KS,fips20155
KS,3183.0,7838.0,8392.0,416.0,19829.0,0.1815018407383125,0.8184981592616875,KS,fips20157
KS,3183.0,7838.0,8392.0,416.0,19829.0,0.1815018407383125,0.8184981592616875,KS,fips20159
KS,3183.0,7838.0,8392.0,416.0,19829.0,0.1815018407383125,0.8184981592616875,KS,fips20165
KS,3183.0,7838.0,8392.0,416.0,19829.0,0.1815018407383125,0.8184981592616875,KS,fips20171
KS,3183.0,7838.0,8392.0,416.0,19829.0,0.1815018407383125,0.8184981592616875,KS,fips20173
KS,3183.0,7838.0,8392.0,416.0,19829.0,0.1815018407383125,0.8184981592616875,KS,fips20175
KS,3183.0,7838.0,8392.0,416.0,19829.0,0.1815018407383125,0.8184981592616875,KS,fips20179
KS,3183.0,7838.0,8392.0,416.0,19829.0,0.1815018407383125,0.8184981592616875,KS,fips20181
KS,3183.0,7838.0,8392.0,416.0,19829.0,0.1815018407383125,0.8184981592616875,KS,fips20185
KS,3183.0,7838.0,8392.0,416.0,19829.0,0.1815018407383125,0.8184981592616875,KS,fips20187
KS,3183.0,7838.0,8392.0,416.0,19829.0,0.1815018407383125,0.8184981592616875,KS,fips20189
KS,3183.0,7838.0,8392.0,416.0,19829.0,0.1815018407383125,0.8184981592616875,KS,fips20193
KS,3183.0,7838.0,8392.0,416.0,19829.0,0.1815018407383125,0.8184981592616875,KS,fips20199
KS,3183.0,7838.0,8392.0,416.0,19829.0,0.1815018407383125,0.8184981592616875,KS,fips20203
LA,5551.0,5333.0,106.0,242.0,11232.0,0.5157585470085471,0.484241452991453,LA,fips22001
LA,5551.0,5333.0,106.0,242.0,11232.0,0.5157585470085471,0.484241452991453,LA,fips22003
LA,5551.0,5333.0,106.0,242.0,11232.0,0.5157585470085471,0.484241452991453,LA,fips22009
LA,5551.0,5333.0,106.0,242.0,11232.0,0.5157585470085471,0.484241452991453,LA,fips22019
LA,5551.0,5333.0,106.0,242.0,11232.0,0.5157585470085471,0.484241452991453,LA,fips22023
LA,5551.0,5333.0,106.0,242.0,11232.0,0.5157585470085471,0.484241452991453,LA,fips22025
LA,5551.0,5333.0,106.0,242.0,11232.0,0.5157585470085471,0.484241452991453,LA,fips22029
LA,5551.0,5333.0,106.0,242.0,11232.0,0.5157585470085471,0.484241452991453,LA,fips22035
LA,5551.0,5333.0,106.0,242.0,11232.0,0.5157585470085471,0.484241452991453,LA,fips22039
LA,5551.0,5333.0,106.0,242.0,11232.0,0.5157585470085471,0.484241452991453,LA,fips22041
LA,5551.0,5333.0,106.0,242.0,11232.0,0.5157585470085471,0.484241452991453,LA,fips22053
LA,5551.0,5333.0,106.0,242.0,11232.0,0.5157585470085471,0.484241452991453,LA,fips22065
LA,5551.0,5333.0,106.0,242.0,11232.0,0.5157585470085471,0.484241452991453,LA,fips22067
LA,5551.0,5333.0,106.0,242.0,11232.0,0.5157585470085471,0.484241452991453,LA,fips22069
LA,5551.0,5333.0,106.0,242.0,11232.0,0.5157585470085471,0.484241452991453,LA,fips22073
LA,5551.0,5333.0,106.0,242.0,11232.0,0.5157585470085471,0.484241452991453,LA,fips22077
LA,5551.0,5333.0,106.0,242.0,11232.0,0.5157585470085471,0.484241452991453,LA,fips22079
LA,5551.0,5333.0,106.0,242.0,11232.0,0.5157585470085471,0.484241452991453,LA,fips22083
LA,5551.0,5333.0,106.0,242.0,11232.0,0.5157585470085471,0.484241452991453,LA,fips22097
LA,5551.0,5333.0,106.0,242.0,11232.0,0.5157585470085471,0.484241452991453,LA,fips22107
LA,5551.0,5333.0,106.0,242.0,11232.0,0.5157585470085471,0.484241452991453,LA,fips22113
LA,5551.0,5333.0,106.0,242.0,11232.0,0.5157585470085471,0.484241452991453,LA,fips22123
MD,907.0,1317.0,20.0,51.0,2295.0,0.4174291938997821,0.5825708061002178,MD,fips24011
MD,907.0,1317.0,20.0,51.0,2295.0,0.4174291938997821,0.5825708061002178,MD,fips24019
MD,907.0,1317.0,20.0,51.0,2295.0,0.4174291938997821,0.5825708061002178,MD,fips24035
MA,420.0,1195.0,0.0,494.0,2109.0,0.4333807491702228,0.5666192508297772,MA,fips25023
MI,2306.0,9339.0,0.0,0.0,11645.0,0.1980249033920137,0.8019750966079863,MI,fips26005
MI,2306.0,9339.0,0.0,0.0,11645.0,0.1980249033920137,0.8019750966079863,MI,fips26009
MI,2306.0,9339.0,0.0,0.0,11645.0,0.1980249033920137,0.8019750966079863,MI,fips26021
MI,2306.0,9339.0,0.0,0.0,11645.0,0.1980249033920137,0.8019750966079863,MI,fips26023
MI,2306.0,9339.0,0.0,0.0,11645.0,0.1980249033920137,0.8019750966079863,MI,fips26027
MI,2306.0,9339.0,0.0,0.0,11645.0,0.1980249033920137,0.8019750966079863,MI,fips26077
MI,2306.0,9339.0,0.0,0.0,11645.0,0.1980249033920137,0.8019750966079863,MI,fips26107
MI,2306.0,9339.0,0.0,0.0,11645.0,0.1980249033920137,0.8019750966079863,MI,fips26117
MI,2306.0,9339.0,0.0,0.0,11645.0,0.1980249033920137,0.8019750966079863,MI,fips26149
MI,2306.0,9339.0,0.0,0.0,11645.0,0.1980249033920137,0.8019750966079863,MI,fips26159
MN,360.0,5817.0,0.0,15.0,6192.0,0.0605620155038759,0.939437984496124,MN,fips27037
MN,360.0,5817.0,0.0,15.0,6192.0,0.0605620155038759,0.939437984496124,MN,fips27057
MN,360.0,5817.0,0.0,15.0,6192.0,0.0605620155038759,0.939437984496124,MN,fips27097
MN,360.0,5817.0,0.0,15.0,6192.0,0.0605620155038759,0.939437984496124,MN,fips27111
MN,360.0,5817.0,0.0,15.0,6192.0,0.0605620155038759,0.939437984496124,MN,fips27121
MN,360.0,5817.0,0.0,15.0,6192.0,0.0605620155038759,0.939437984496124,MN,fips27141
MN,360.0,5817.0,0.0,15.0,6192.0,0.0605620155038759,0.939437984496124,MN,fips27145
MN,360.0,5817.0,0.0,15.0,6192.0,0.0605620155038759,0.939437984496124,MN,fips27151
MN,360.0,5817.0,0.0,15.0,6192.0,0.0605620155038759,0.939437984496124,MN,fips27159
MS,6155.0,7567.0,63.0,2007.0,15792.0,0.5168439716312057,0.4831560283687943,MS,fips28011
MS,6155.0,7567.0,63.0,2007.0,15792.0,0.5168439716312057,0.4831560283687943,MS,fips28015
MS,6155.0,7567.0,63.0,2007.0,15792.0,0.5168439716312057,0.4831560283687943,MS,fips28027
MS,6155.0,7567.0,63.0,2007.0,15792.0,0.5168439716312057,0.4831560283687943,MS,fips28033
MS,6155.0,7567.0,63.0,2007.0,15792.0,0.5168439716312057,0.4831560283687943,MS,fips28051
MS,6155.0,7567.0,63.0,2007.0,15792.0,0.5168439716312057,0.4831560283687943,MS,fips28053
MS,6155.0,7567.0,63.0,2007.0,15792.0,0.5168439716312057,0.4831560283687943,MS,fips28055
MS,6155.0,7567.0,63.0,2007.0,15792.0,0.5168439716312057,0.4831560283687943,MS,fips28083
MS,6155.0,7567.0,63.0,2007.0,15792.0,0.5168439716312057,0.4831560283687943,MS,fips28103
MS,6155.0,7567.0,63.0,2007.0,15792.0,0.5168439716312057,0.4831560283687943,MS,fips28107
MS,6155.0,7567.0,63.0,2007.0,15792.0,0.5168439716312057,0.4831560283687943,MS,fips28119
MS,6155.0,7567.0,63.0,2007.0,15792.0,0.5168439716312057,0.4831560283687943,MS,fips28125
MS,6155.0,7567.0,63.0,2007.0,15792.0,0.5168439716312057,0.4831560283687943,MS,fips28133
MS,6155.0,7567.0,63.0,2007.0,15792.0,0.5168439716312057,0.4831560283687943,MS,fips28135
MS,6155.0,7567.0,63.0,2007.0,15792.0,0.5168439716312057,0.4831560283687943,MS,fips28143
MS,6155.0,7567.0,63.0,2007.0,15792.0,0.5168439716312057,0.4831560283687943,MS,fips28151
MS,6155.0,7567.0,63.0,2007.0,15792.0,0.5168439716312057,0.4831560283687943,MS,fips28163
MO,5554.0,8984.0,0.0,673.0,15211.0,0.4093747945565709,0.5906252054434291,MO,fips29005
MO,5554.0,8984.0,0.0,673.0,15211.0,0.4093747945565709,0.5906252054434291,MO,fips29007
MO,5554.0,8984.0,0.0,673.0,15211.0,0.4093747945565709,0.5906252054434291,MO,fips29011
MO,5554.0,8984.0,0.0,673.0,15211.0,0.4093747945565709,0.5906252054434291,MO,fips29023
MO,5554.0,8984.0,0.0,673.0,15211.0,0.4093747945565709,0.5906252054434291,MO,fips29031
MO,5554.0,8984.0,0.0,673.0,15211.0,0.4093747945565709,0.5906252054434291,MO,fips29069
MO,5554.0,8984.0,0.0,673.0,15211.0,0.4093747945565709,0.5906252054434291,MO,fips29087
MO,5554.0,8984.0,0.0,673.0,15211.0,0.4093747945565709,0.5906252054434291,MO,fips29133
MO,5554.0,8984.0,0.0,673.0,15211.0,0.4093747945565709,0.5906252054434291,MO,fips29143
MO,5554.0,8984.0,0.0,673.0,15211.0,0.4093747945565709,0.5906252054434291,MO,fips29155
MO,5554.0,8984.0,0.0,673.0,15211.0,0.4093747945565709,0.5906252054434291,MO,fips29181
MO,5554.0,8984.0,0.0,673.0,15211.0,0.4093747945565709,0.5906252054434291,MO,fips29201
MO,5554.0,8984.0,0.0,673.0,15211.0,0.4093747945565709,0.5906252054434291,MO,fips29207
MT,1545.0,9532.0,150.0,23.0,11250.0,0.1393777777777777,0.8606222222222222,MT,fips30001
MT,1545.0,9532.0,150.0,23.0,11250.0,0.1393777777777777,0.8606222222222222,MT,fips30003
MT,1545.0,9532.0,150.0,23.0,11250.0,0.1393777777777777,0.8606222222222222,MT,fips30005
MT,1545.0,9532.0,150.0,23.0,11250.0,0.1393777777777777,0.8606222222222222,MT,fips30007
MT,1545.0,9532.0,150.0,23.0,11250.0,0.1393777777777777,0.8606222222222222,MT,fips30009
MT,1545.0,9532.0,150.0,23.0,11250.0,0.1393777777777777,0.8606222222222222,MT,fips30011
MT,1545.0,9532.0,150.0,23.0,11250.0,0.1393777777777777,0.8606222222222222,MT,fips30013
MT,1545.0,9532.0,150.0,23.0,11250.0,0.1393777777777777,0.8606222222222222,MT,fips30015
MT,1545.0,9532.0,150.0,23.0,11250.0,0.1393777777777777,0.8606222222222222,MT,fips30017
MT,1545.0,9532.0,150.0,23.0,11250.0,0.1393777777777777,0.8606222222222222,MT,fips30021
MT,1545.0,9532.0,150.0,23.0,11250.0,0.1393777777777777,0.8606222222222222,MT,fips30023
MT,1545.0,9532.0,150.0,23.0,11250.0,0.1393777777777777,0.8606222222222222,MT,fips30027
MT,1545.0,9532.0,150.0,23.0,11250.0,0.1393777777777777,0.8606222222222222,MT,fips30029
MT,1545.0,9532.0,150.0,23.0,11250.0,0.1393777777777777,0.8606222222222222,MT,fips30031
MT,1545.0,9532.0,150.0,23.0,11250.0,0.1393777777777777,0.8606222222222222,MT,fips30035
MT,1545.0,9532.0,150.0,23.0,11250.0,0.1393777777777777,0.8606222222222222,MT,fips30037
MT,1545.0,9532.0,150.0,23.0,11250.0,0.1393777777777777,0.8606222222222222,MT,fips30039
MT,1545.0,9532.0,150.0,23.0,11250.0,0.1393777777777777,0.8606222222222222,MT,fips30041
MT,1545.0,9532.0,150.0,23.0,11250.0,0.1393777777777777,0.8606222222222222,MT,fips30043
MT,1545.0,9532.0,150.0,23.0,11250.0,0.1393777777777777,0.8606222222222222,MT,fips30045
MT,1545.0,9532.0,150.0,23.0,11250.0,0.1393777777777777,0.8606222222222222,MT,fips30047
MT,1545.0,9532.0,150.0,23.0,11250.0,0.1393777777777777,0.8606222222222222,MT,fips30049
MT,1545.0,9532.0,150.0,23.0,11250.0,0.1393777777777777,0.8606222222222222,MT,fips30051
MT,1545.0,9532.0,150.0,23.0,11250.0,0.1393777777777777,0.8606222222222222,MT,fips30053
MT,1545.0,9532.0,150.0,23.0,11250.0,0.1393777777777777,0.8606222222222222,MT,fips30055
MT,1545.0,9532.0,150.0,23.0,11250.0,0.1393777777777777,0.8606222222222222,MT,fips30057
MT,1545.0,9532.0,150.0,23.0,11250.0,0.1393777777777777,0.8606222222222222,MT,fips30059
MT,1545.0,9532.0,150.0,23.0,11250.0,0.1393777777777777,0.8606222222222222,MT,fips30063
MT,1545.0,9532.0,150.0,23.0,11250.0,0.1393777777777777,0.8606222222222222,MT,fips30065
MT,1545.0,9532.0,150.0,23.0,11250.0,0.1393777777777777,0.8606222222222222,MT,fips30067
MT,1545.0,9532.0,150.0,23.0,11250.0,0.1393777777777777,0.8606222222222222,MT,fips30069
MT,1545.0,9532.0,150.0,23.0,11250.0,0.1393777777777777,0.8606222222222222,MT,fips30071
MT,1545.0,9532.0,150.0,23.0,11250.0,0.1393777777777777,0.8606222222222222,MT,fips30073
MT,1545.0,9532.0,150.0,23.0,11250.0,0.1393777777777777,0.8606222222222222,MT,fips30075
MT,1545.0,9532.0,150.0,23.0,11250.0,0.1393777777777777,0.8606222222222222,MT,fips30077
MT,1545.0,9532.0,150.0,23.0,11250.0,0.1393777777777777,0.8606222222222222,MT,fips30079
MT,1545.0,9532.0,150.0,23.0,11250.0,0.1393777777777777,0.8606222222222222,MT,fips30081
MT,1545.0,9532.0,150.0,23.0,11250.0,0.1393777777777777,0.8606222222222222,MT,fips30083
MT,1545.0,9532.0,150.0,23.0,11250.0,0.1393777777777777,0.8606222222222222,MT,fips30085
MT,1545.0,9532.0,150.0,23.0,11250.0,0.1393777777777777,0.8606222222222222,MT,fips30087
MT,1545.0,9532.0,150.0,23.0,11250.0,0.1393777777777777,0.8606222222222222,MT,fips30089
MT,1545.0,9532.0,150.0,23.0,11250.0,0.1393777777777777,0.8606222222222222,MT,fips30091
MT,1545.0,9532.0,150.0,23.0,11250.0,0.1393777777777777,0.8606222222222222,MT,fips30093
MT,1545.0,9532.0,150.0,23.0,11250.0,0.1393777777777777,0.8606222222222222,MT,fips30095
MT,1545.0,9532.0,150.0,23.0,11250.0,0.1393777777777777,0.8606222222222222,MT,fips30097
MT,1545.0,9532.0,150.0,23.0,11250.0,0.1393777777777777,0.8606222222222222,MT,fips30099
MT,1545.0,9532.0,150.0,23.0,11250.0,0.1393777777777777,0.8606222222222222,MT,fips30101
MT,1545.0,9532.0,150.0,23.0,11250.0,0.1393777777777777,0.8606222222222222,MT,fips30103
MT,1545.0,9532.0,150.0,23.0,11250.0,0.1393777777777777,0.8606222222222222,MT,fips30105
MT,1545.0,9532.0,150.0,23.0,11250.0,0.1393777777777777,0.8606222222222222,MT,fips30107
MT,1545.0,9532.0,150.0,23.0,11250.0,0.1393777777777777,0.8606222222222222,MT,fips30111
NE,17664.0,42587.0,8295.0,3925.0,72471.0,0.2978984697327206,0.7021015302672793,NE,fips31001
NE,17664.0,42587.0,8295.0,3925.0,72471.0,0.2978984697327206,0.7021015302672793,NE,fips31003
NE,17664.0,42587.0,8295.0,3925.0,72471.0,0.2978984697327206,0.7021015302672793,NE,fips31005
NE,17664.0,42587.0,8295.0,3925.0,72471.0,0.2978984697327206,0.7021015302672793,NE,fips31007
NE,17664.0,42587.0,8295.0,3925.0,72471.0,0.2978984697327206,0.7021015302672793,NE,fips31009
NE,17664.0,42587.0,8295.0,3925.0,72471.0,0.2978984697327206,0.7021015302672793,NE,fips31011
NE,17664.0,42587.0,8295.0,3925.0,72471.0,0.2978984697327206,0.7021015302672793,NE,fips31013
NE,17664.0,42587.0,8295.0,3925.0,72471.0,0.2978984697327206,0.7021015302672793,NE,fips31015
NE,17664.0,42587.0,8295.0,3925.0,72471.0,0.2978984697327206,0.7021015302672793,NE,fips31017
NE,17664.0,42587.0,8295.0,3925.0,72471.0,0.2978984697327206,0.7021015302672793,NE,fips31019
NE,17664.0,42587.0,8295.0,3925.0,72471.0,0.2978984697327206,0.7021015302672793,NE,fips31021
NE,17664.0,42587.0,8295.0,3925.0,72471.0,0.2978984697327206,0.7021015302672793,NE,fips31023
NE,17664.0,42587.0,8295.0,3925.0,72471.0,0.2978984697327206,0.7021015302672793,NE,fips31027
NE,17664.0,42587.0,8295.0,3925.0,72471.0,0.2978984697327206,0.7021015302672793,NE,fips31029
NE,17664.0,42587.0,8295.0,3925.0,72471.0,0.2978984697327206,0.7021015302672793,NE,fips31031
NE,17664.0,42587.0,8295.0,3925.0,72471.0,0.2978984697327206,0.7021015302672793,NE,fips31033
NE,17664.0,42587.0,8295.0,3925.0,72471.0,0.2978984697327206,0.7021015302672793,NE,fips31035
NE,17664.0,42587.0,8295.0,3925.0,72471.0,0.2978984697327206,0.7021015302672793,NE,fips31037
NE,17664.0,42587.0,8295.0,3925.0,72471.0,0.2978984697327206,0.7021015302672793,NE,fips31039
NE,17664.0,42587.0,8295.0,3925.0,72471.0,0.2978984697327206,0.7021015302672793,NE,fips31041
NE,17664.0,42587.0,8295.0,3925.0,72471.0,0.2978984697327206,0.7021015302672793,NE,fips31043
NE,17664.0,42587.0,8295.0,3925.0,72471.0,0.2978984697327206,0.7021015302672793,NE,fips31045
NE,17664.0,42587.0,8295.0,3925.0,72471.0,0.2978984697327206,0.7021015302672793,NE,fips31047
NE,17664.0,42587.0,8295.0,3925.0,72471.0,0.2978984697327206,0.7021015302672793,NE,fips31049
NE,17664.0,42587.0,8295.0,3925.0,72471.0,0.2978984697327206,0.7021015302672793,NE,fips31051
NE,17664.0,42587.0,8295.0,3925.0,72471.0,0.2978984697327206,0.7021015302672793,NE,fips31053
NE,17664.0,42587.0,8295.0,3925.0,72471.0,0.2978984697327206,0.7021015302672793,NE,fips31055
NE,17664.0,42587.0,8295.0,3925.0,72471.0,0.2978984697327206,0.7021015302672793,NE,fips31057
NE,17664.0,42587.0,8295.0,3925.0,72471.0,0.2978984697327206,0.7021015302672793,NE,fips31059
NE,17664.0,42587.0,8295.0,3925.0,72471.0,0.2978984697327206,0.7021015302672793,NE,fips31061
NE,17664.0,42587.0,8295.0,3925.0,72471.0,0.2978984697327206,0.7021015302672793,NE,fips31063
NE,17664.0,42587.0,8295.0,3925.0,72471.0,0.2978984697327206,0.7021015302672793,NE,fips31065
NE,17664.0,42587.0,8295.0,3925.0,72471.0,0.2978984697327206,0.7021015302672793,NE,fips31067
NE,17664.0,42587.0,8295.0,3925.0,72471.0,0.2978984697327206,0.7021015302672793,NE,fips31069
NE,17664.0,42587.0,8295.0,3925.0,72471.0,0.2978984697327206,0.7021015302672793,NE,fips31071
NE,17664.0,42587.0,8295.0,3925.0,72471.0,0.2978984697327206,0.7021015302672793,NE,fips31073
NE,17664.0,42587.0,8295.0,3925.0,72471.0,0.2978984697327206,0.7021015302672793,NE,fips31077
NE,17664.0,42587.0,8295.0,3925.0,72471.0,0.2978984697327206,0.7021015302672793,NE,fips31079
NE,17664.0,42587.0,8295.0,3925.0,72471.0,0.2978984697327206,0.7021015302672793,NE,fips31081
NE,17664.0,42587.0,8295.0,3925.0,72471.0,0.2978984697327206,0.7021015302672793,NE,fips31083
NE,17664.0,42587.0,8295.0,3925.0,72471.0,0.2978984697327206,0.7021015302672793,NE,fips31085
NE,17664.0,42587.0,8295.0,3925.0,72471.0,0.2978984697327206,0.7021015302672793,NE,fips31087
NE,17664.0,42587.0,8295.0,3925.0,72471.0,0.2978984697327206,0.7021015302672793,NE,fips31089
NE,17664.0,42587.0,8295.0,3925.0,72471.0,0.2978984697327206,0.7021015302672793,NE,fips31093
NE,17664.0,42587.0,8295.0,3925.0,72471.0,0.2978984697327206,0.7021015302672793,NE,fips31095
NE,17664.0,42587.0,8295.0,3925.0,72471.0,0.2978984697327206,0.7021015302672793,NE,fips31097
NE,17664.0,42587.0,8295.0,3925.0,72471.0,0.2978984697327206,0.7021015302672793,NE,fips31099
NE,17664.0,42587.0,8295.0,3925.0,72471.0,0.2978984697327206,0.7021015302672793,NE,fips31101
NE,17664.0,42587.0,8295.0,3925.0,72471.0,0.2978984697327206,0.7021015302672793,NE,fips31103
NE,17664.0,42587.0,8295.0,3925.0,72471.0,0.2978984697327206,0.7021015302672793,NE,fips31105
NE,17664.0,42587.0,8295.0,3925.0,72471.0,0.2978984697327206,0.7021015302672793,NE,fips31107
NE,17664.0,42587.0,8295.0,3925.0,72471.0,0.2978984697327206,0.7021015302672793,NE,fips31111
NE,17664.0,42587.0,8295.0,3925.0,72471.0,0.2978984697327206,0.7021015302672793,NE,fips31113
NE,17664.0,42587.0,8295.0,3925.0,72471.0,0.2978984697327206,0.7021015302672793,NE,fips31115
NE,17664.0,42587.0,8295.0,3925.0,72471.0,0.2978984697327206,0.7021015302672793,NE,fips31117
NE,17664.0,42587.0,8295.0,3925.0,72471.0,0.2978984697327206,0.7021015302672793,NE,fips31119
NE,17664.0,42587.0,8295.0,3925.0,72471.0,0.2978984697327206,0.7021015302672793,NE,fips31121
NE,17664.0,42587.0,8295.0,3925.0,72471.0,0.2978984697327206,0.7021015302672793,NE,fips31123
NE,17664.0,42587.0,8295.0,3925.0,72471.0,0.2978984697327206,0.7021015302672793,NE,fips31125
NE,17664.0,42587.0,8295.0,3925.0,72471.0,0.2978984697327206,0.7021015302672793,NE,fips31127
NE,17664.0,42587.0,8295.0,3925.0,72471.0,0.2978984697327206,0.7021015302672793,NE,fips31129
NE,17664.0,42587.0,8295.0,3925.0,72471.0,0.2978984697327206,0.7021015302672793,NE,fips31135
NE,17664.0,42587.0,8295.0,3925.0,72471.0,0.2978984697327206,0.7021015302672793,NE,fips31137
NE,17664.0,42587.0,8295.0,3925.0,72471.0,0.2978984697327206,0.7021015302672793,NE,fips31139
NE,17664.0,42587.0,8295.0,3925.0,72471.0,0.2978984697327206,0.7021015302672793,NE,fips31141
NE,17664.0,42587.0,8295.0,3925.0,72471.0,0.2978984697327206,0.7021015302672793,NE,fips31143
NE,17664.0,42587.0,8295.0,3925.0,72471.0,0.2978984697327206,0.7021015302672793,NE,fips31145
NE,17664.0,42587.0,8295.0,3925.0,72471.0,0.2978984697327206,0.7021015302672793,NE,fips31149
NE,17664.0,42587.0,8295.0,3925.0,72471.0,0.2978984697327206,0.7021015302672793,NE,fips31151
NE,17664.0,42587.0,8295.0,3925.0,72471.0,0.2978984697327206,0.7021015302672793,NE,fips31155
NE,17664.0,42587.0,8295.0,3925.0,72471.0,0.2978984697327206,0.7021015302672793,NE,fips31157
NE,17664.0,42587.0,8295.0,3925.0,72471.0,0.2978984697327206,0.7021015302672793,NE,fips31159
NE,17664.0,42587.0,8295.0,3925.0,72471.0,0.2978984697327206,0.7021015302672793,NE,fips31161
NE,17664.0,42587.0,8295.0,3925.0,72471.0,0.2978984697327206,0.7021015302672793,NE,fips31163
NE,17664.0,42587.0,8295.0,3925.0,72471.0,0.2978984697327206,0.7021015302672793,NE,fips31165
NE,17664.0,42587.0,8295.0,3925.0,72471.0,0.2978984697327206,0.7021015302672793,NE,fips31167
NE,17664.0,42587.0,8295.0,3925.0,72471.0,0.2978984697327206,0.7021015302672793,NE,fips31169
NE,17664.0,42587.0,8295.0,3925.0,72471.0,0.2978984697327206,0.7021015302672793,NE,fips31175
NE,17664.0,42587.0,8295.0,3925.0,72471.0,0.2978984697327206,0.7021015302672793,NE,fips31177
NE,17664.0,42587.0,8295.0,3925.0,72471.0,0.2978984697327206,0.7021015302672793,NE,fips31179
NE,17664.0,42587.0,8295.0,3925.0,72471.0,0.2978984697327206,0.7021015302672793,NE,fips31181
NE,17664.0,42587.0,8295.0,3925.0,72471.0,0.2978984697327206,0.7021015302672793,NE,fips31183
NE,17664.0,42587.0,8295.0,3925.0,72471.0,0.2978984697327206,0.7021015302672793,NE,fips31185
NV,101.0,2441.0,0.0,0.0,2542.0,0.0397324940991345,0.9602675059008656,NV,fips32001
NV,101.0,2441.0,0.0,0.0,2542.0,0.0397324940991345,0.9602675059008656,NV,fips32003
NV,101.0,2441.0,0.0,0.0,2542.0,0.0397324940991345,0.9602675059008656,NV,fips32005
NV,101.0,2441.0,0.0,0.0,2542.0,0.0397324940991345,0.9602675059008656,NV,fips32007
NV,101.0,2441.0,0.0,0.0,2542.0,0.0397324940991345,0.9602675059008656,NV,fips32009
NV,101.0,2441.0,0.0,0.0,2542.0,0.0397324940991345,0.9602675059008656,NV,fips32011
NV,101.0,2441.0,0.0,0.0,2542.0,0.0397324940991345,0.9602675059008656,NV,fips32013
NV,101.0,2441.0,0.0,0.0,2542.0,0.0397324940991345,0.9602675059008656,NV,fips32015
NV,101.0,2441.0,0.0,0.0,2542.0,0.0397324940991345,0.9602675059008656,NV,fips32017
NV,101.0,2441.0,0.0,0.0,2542.0,0.0397324940991345,0.9602675059008656,NV,fips32019
NV,101.0,2441.0,0.0,0.0,2542.0,0.0397324940991345,0.9602675059008656,NV,fips32021
NV,101.0,2441.0,0.0,0.0,2542.0,0.0397324940991345,0.9602675059008656,NV,fips32023
NV,101.0,2441.0,0.0,0.0,2542.0,0.0397324940991345,0.9602675059008656,NV,fips32027
NV,101.0,2441.0,0.0,0.0,2542.0,0.0397324940991345,0.9602675059008656,NV,fips32031
NV,101.0,2441.0,0.0,0.0,2542.0,0.0397324940991345,0.9602675059008656,NV,fips32033
NJ,1439.0,1611.0,23.0,0.0,3073.0,0.4682720468597461,0.5317279531402538,NJ,fips34001
NJ,1439.0,1611.0,23.0,0.0,3073.0,0.4682720468597461,0.5317279531402538,NJ,fips34005
NJ,1439.0,1611.0,23.0,0.0,3073.0,0.4682720468597461,0.5317279531402538,NJ,fips34011
NM,346.0,9437.0,823.0,101.0,10707.0,0.041748388904455,0.958251611095545,NM,fips35001
NM,346.0,9437.0,823.0,101.0,10707.0,0.041748388904455,0.958251611095545,NM,fips35003
NM,346.0,9437.0,823.0,101.0,10707.0,0.041748388904455,0.958251611095545,NM,fips35005
NM,346.0,9437.0,823.0,101.0,10707.0,0.041748388904455,0.958251611095545,NM,fips35007
NM,346.0,9437.0,823.0,101.0,10707.0,0.041748388904455,0.958251611095545,NM,fips35009
NM,346.0,9437.0,823.0,101.0,10707.0,0.041748388904455,0.958251611095545,NM,fips35011
NM,346.0,9437.0,823.0,101.0,10707.0,0.041748388904455,0.958251611095545,NM,fips35013
NM,346.0,9437.0,823.0,101.0,10707.0,0.041748388904455,0.958251611095545,NM,fips35015
NM,346.0,9437.0,823.0,101.0,10707.0,0.041748388904455,0.958251611095545,NM,fips35017
NM,346.0,9437.0,823.0,101.0,10707.0,0.041748388904455,0.958251611095545,NM,fips35019
NM,346.0,9437.0,823.0,101.0,10707.0,0.041748388904455,0.958251611095545,NM,fips35023
NM,346.0,9437.0,823.0,101.0,10707.0,0.041748388904455,0.958251611095545,NM,fips35025
NM,346.0,9437.0,823.0,101.0,10707.0,0.041748388904455,0.958251611095545,NM,fips35027
NM,346.0,9437.0,823.0,101.0,10707.0,0.041748388904455,0.958251611095545,NM,fips35029
NM,346.0,9437.0,823.0,101.0,10707.0,0.041748388904455,0.958251611095545,NM,fips35035
NM,346.0,9437.0,823.0,101.0,10707.0,0.041748388904455,0.958251611095545,NM,fips35037
NM,346.0,9437.0,823.0,101.0,10707.0,0.041748388904455,0.958251611095545,NM,fips35039
NM,346.0,9437.0,823.0,101.0,10707.0,0.041748388904455,0.958251611095545,NM,fips35041
NM,346.0,9437.0,823.0,101.0,10707.0,0.041748388904455,0.958251611095545,NM,fips35043
NM,346.0,9437.0,823.0,101.0,10707.0,0.041748388904455,0.958251611095545,NM,fips35045
NM,346.0,9437.0,823.0,101.0,10707.0,0.041748388904455,0.958251611095545,NM,fips35047
NM,346.0,9437.0,823.0,101.0,10707.0,0.041748388904455,0.958251611095545,NM,fips35049
NM,346.0,9437.0,823.0,101.0,10707.0,0.041748388904455,0.958251611095545,NM,fips35051
NM,346.0,9437.0,823.0,101.0,10707.0,0.041748388904455,0.958251611095545,NM,fips35053
NM,346.0,9437.0,823.0,101.0,10707.0,0.041748388904455,0.958251611095545,NM,fips35055
NM,346.0,9437.0,823.0,101.0,10707.0,0.041748388904455,0.958251611095545,NM,fips35057
NM,346.0,9437.0,823.0,101.0,10707.0,0.041748388904455,0.958251611095545,NM,fips35059
NM,346.0,9437.0,823.0,101.0,10707.0,0.041748388904455,0.958251611095545,NM,fips35061
NC,917.0,2768.0,0.0,54.0,3739.0,0.2596951056432201,0.7403048943567799,NC,fips37163
ND,100.0,2544.0,0.0,0.0,2644.0,0.037821482602118,0.962178517397882,ND,fips38021
ND,100.0,2544.0,0.0,0.0,2644.0,0.037821482602118,0.962178517397882,ND,fips38035
ND,100.0,2544.0,0.0,0.0,2644.0,0.037821482602118,0.962178517397882,ND,fips38043
ND,100.0,2544.0,0.0,0.0,2644.0,0.037821482602118,0.962178517397882,ND,fips38049
ND,100.0,2544.0,0.0,0.0,2644.0,0.037821482602118,0.962178517397882,ND,fips38053
ND,100.0,2544.0,0.0,0.0,2644.0,0.037821482602118,0.962178517397882,ND,fips38073
ND,100.0,2544.0,0.0,0.0,2644.0,0.037821482602118,0.962178517397882,ND,fips38081
ND,100.0,2544.0,0.0,0.0,2644.0,0.037821482602118,0.962178517397882,ND,fips38105
OH,308.0,1382.0,0.0,0.0,1690.0,0.1822485207100591,0.8177514792899409,OH,fips39085
OK,782.0,4099.0,1455.0,18.0,6354.0,0.1259049417689644,0.8740950582310356,OK,fips40007
OK,782.0,4099.0,1455.0,18.0,6354.0,0.1259049417689644,0.8740950582310356,OK,fips40009
OK,782.0,4099.0,1455.0,18.0,6354.0,0.1259049417689644,0.8740950582310356,OK,fips40015
OK,782.0,4099.0,1455.0,18.0,6354.0,0.1259049417689644,0.8740950582310356,OK,fips40025
OK,782.0,4099.0,1455.0,18.0,6354.0,0.1259049417689644,0.8740950582310356,OK,fips40039
OK,782.0,4099.0,1455.0,18.0,6354.0,0.1259049417689644,0.8740950582310356,OK,fips40045
OK,782.0,4099.0,1455.0,18.0,6354.0,0.1259049417689644,0.8740950582310356,OK,fips40051
OK,782.0,4099.0,1455.0,18.0,6354.0,0.1259049417689644,0.8740950582310356,OK,fips40057
OK,782.0,4099.0,1455.0,18.0,6354.0,0.1259049417689644,0.8740950582310356,OK,fips40059
OK,782.0,4099.0,1455.0,18.0,6354.0,0.1259049417689644,0.8740950582310356,OK,fips40065
OK,782.0,4099.0,1455.0,18.0,6354.0,0.1259049417689644,0.8740950582310356,OK,fips40073
OK,782.0,4099.0,1455.0,18.0,6354.0,0.1259049417689644,0.8740950582310356,OK,fips40093
OK,782.0,4099.0,1455.0,18.0,6354.0,0.1259049417689644,0.8740950582310356,OK,fips40101
OK,782.0,4099.0,1455.0,18.0,6354.0,0.1259049417689644,0.8740950582310356,OK,fips40139
OK,782.0,4099.0,1455.0,18.0,6354.0,0.1259049417689644,0.8740950582310356,OK,fips40141
OK,782.0,4099.0,1455.0,18.0,6354.0,0.1259049417689644,0.8740950582310356,OK,fips40149
OR,482.0,18396.0,0.0,0.0,18878.0,0.0255323657167072,0.9744676342832927,OR,fips41001
OR,482.0,18396.0,0.0,0.0,18878.0,0.0255323657167072,0.9744676342832927,OR,fips41003
OR,482.0,18396.0,0.0,0.0,18878.0,0.0255323657167072,0.9744676342832927,OR,fips41005
OR,482.0,18396.0,0.0,0.0,18878.0,0.0255323657167072,0.9744676342832927,OR,fips41011
OR,482.0,18396.0,0.0,0.0,18878.0,0.0255323657167072,0.9744676342832927,OR,fips41013
OR,482.0,18396.0,0.0,0.0,18878.0,0.0255323657167072,0.9744676342832927,OR,fips41017
OR,482.0,18396.0,0.0,0.0,18878.0,0.0255323657167072,0.9744676342832927,OR,fips41019
OR,482.0,18396.0,0.0,0.0,18878.0,0.0255323657167072,0.9744676342832927,OR,fips41021
OR,482.0,18396.0,0.0,0.0,18878.0,0.0255323657167072,0.9744676342832927,OR,fips41023
OR,482.0,18396.0,0.0,0.0,18878.0,0.0255323657167072,0.9744676342832927,OR,fips41025
OR,482.0,18396.0,0.0,0.0,18878.0,0.0255323657167072,0.9744676342832927,OR,fips41027
OR,482.0,18396.0,0.0,0.0,18878.0,0.0255323657167072,0.9744676342832927,OR,fips41029
OR,482.0,18396.0,0.0,0.0,18878.0,0.0255323657167072,0.9744676342832927,OR,fips41031
OR,482.0,18396.0,0.0,0.0,18878.0,0.0255323657167072,0.9744676342832927,OR,fips41033
OR,482.0,18396.0,0.0,0.0,18878.0,0.0255323657167072,0.9744676342832927,OR,fips41035
OR,482.0,18396.0,0.0,0.0,18878.0,0.0255323657167072,0.9744676342832927,OR,fips41037
OR,482.0,18396.0,0.0,0.0,18878.0,0.0255323657167072,0.9744676342832927,OR,fips41039
OR,482.0,18396.0,0.0,0.0,18878.0,0.0255323657167072,0.9744676342832927,OR,fips41043
OR,482.0,18396.0,0.0,0.0,18878.0,0.0255323657167072,0.9744676342832927,OR,fips41045
OR,482.0,18396.0,0.0,0.0,18878.0,0.0255323657167072,0.9744676342832927,OR,fips41047
OR,482.0,18396.0,0.0,0.0,18878.0,0.0255323657167072,0.9744676342832927,OR,fips41049
OR,482.0,18396.0,0.0,0.0,18878.0,0.0255323657167072,0.9744676342832927,OR,fips41051
OR,482.0,18396.0,0.0,0.0,18878.0,0.0255323657167072,0.9744676342832927,OR,fips41053
OR,482.0,18396.0,0.0,0.0,18878.0,0.0255323657167072,0.9744676342832927,OR,fips41059
OR,482.0,18396.0,0.0,0.0,18878.0,0.0255323657167072,0.9744676342832927,OR,fips41061
OR,482.0,18396.0,0.0,0.0,18878.0,0.0255323657167072,0.9744676342832927,OR,fips41063
OR,482.0,18396.0,0.0,0.0,18878.0,0.0255323657167072,0.9744676342832927,OR,fips41065
OR,482.0,18396.0,0.0,0.0,18878.0,0.0255323657167072,0.9744676342832927,OR,fips41067
OR,482.0,18396.0,0.0,0.0,18878.0,0.0255323657167072,0.9744676342832927,OR,fips41069
OR,482.0,18396.0,0.0,0.0,18878.0,0.0255323657167072,0.9744676342832927,OR,fips41071
SC,308.0,3546.0,0.0,0.0,3854.0,0.0799169693824597,0.9200830306175404,SC,fips45017
SC,308.0,3546.0,0.0,0.0,3854.0,0.0799169693824597,0.9200830306175404,SC,fips45075
SC,308.0,3546.0,0.0,0.0,3854.0,0.0799169693824597,0.9200830306175404,SC,fips45085
SD,257.0,2428.0,26.0,0.0,2711.0,0.0947989671707856,0.9052010328292144,SD,fips46007
SD,257.0,2428.0,26.0,0.0,2711.0,0.0947989671707856,0.9052010328292144,SD,fips46027
SD,257.0,2428.0,26.0,0.0,2711.0,0.0947989671707856,0.9052010328292144,SD,fips46065
SD,257.0,2428.0,26.0,0.0,2711.0,0.0947989671707856,0.9052010328292144,SD,fips46115
SD,257.0,2428.0,26.0,0.0,2711.0,0.0947989671707856,0.9052010328292144,SD,fips46119
SD,257.0,2428.0,26.0,0.0,2711.0,0.0947989671707856,0.9052010328292144,SD,fips46121
SD,257.0,2428.0,26.0,0.0,2711.0,0.0947989671707856,0.9052010328292144,SD,fips46125
SD,257.0,2428.0,26.0,0.0,2711.0,0.0947989671707856,0.9052010328292144,SD,fips46135
TX,1636.0,65277.0,7181.0,694.0,74788.0,0.0311547307054607,0.9688452692945392,TX,fips48003
TX,1636.0,65277.0,7181.0,694.0,74788.0,0.0311547307054607,0.9688452692945392,TX,fips48013
TX,1636.0,65277.0,7181.0,694.0,74788.0,0.0311547307054607,0.9688452692945392,TX,fips48017
TX,1636.0,65277.0,7181.0,694.0,74788.0,0.0311547307054607,0.9688452692945392,TX,fips48039
TX,1636.0,65277.0,7181.0,694.0,74788.0,0.0311547307054607,0.9688452692945392,TX,fips48041
TX,1636.0,65277.0,7181.0,694.0,74788.0,0.0311547307054607,0.9688452692945392,TX,fips48045
TX,1636.0,65277.0,7181.0,694.0,74788.0,0.0311547307054607,0.9688452692945392,TX,fips48051
TX,1636.0,65277.0,7181.0,694.0,74788.0,0.0311547307054607,0.9688452692945392,TX,fips48061
TX,1636.0,65277.0,7181.0,694.0,74788.0,0.0311547307054607,0.9688452692945392,TX,fips48065
TX,1636.0,65277.0,7181.0,694.0,74788.0,0.0311547307054607,0.9688452692945392,TX,fips48069
TX,1636.0,65277.0,7181.0,694.0,74788.0,0.0311547307054607,0.9688452692945392,TX,fips48071
TX,1636.0,65277.0,7181.0,694.0,74788.0,0.0311547307054607,0.9688452692945392,TX,fips48075
TX,1636.0,65277.0,7181.0,694.0,74788.0,0.0311547307054607,0.9688452692945392,TX,fips48079
TX,1636.0,65277.0,7181.0,694.0,74788.0,0.0311547307054607,0.9688452692945392,TX,fips48087
TX,1636.0,65277.0,7181.0,694.0,74788.0,0.0311547307054607,0.9688452692945392,TX,fips48089
TX,1636.0,65277.0,7181.0,694.0,74788.0,0.0311547307054607,0.9688452692945392,TX,fips48093
TX,1636.0,65277.0,7181.0,694.0,74788.0,0.0311547307054607,0.9688452692945392,TX,fips48107
TX,1636.0,65277.0,7181.0,694.0,74788.0,0.0311547307054607,0.9688452692945392,TX,fips48109
TX,1636.0,65277.0,7181.0,694.0,74788.0,0.0311547307054607,0.9688452692945392,TX,fips48111
TX,1636.0,65277.0,7181.0,694.0,74788.0,0.0311547307054607,0.9688452692945392,TX,fips48115
TX,1636.0,65277.0,7181.0,694.0,74788.0,0.0311547307054607,0.9688452692945392,TX,fips48117
TX,1636.0,65277.0,7181.0,694.0,74788.0,0.0311547307054607,0.9688452692945392,TX,fips48129
TX,1636.0,65277.0,7181.0,694.0,74788.0,0.0311547307054607,0.9688452692945392,TX,fips48141
TX,1636.0,65277.0,7181.0,694.0,74788.0,0.0311547307054607,0.9688452692945392,TX,fips48147
TX,1636.0,65277.0,7181.0,694.0,74788.0,0.0311547307054607,0.9688452692945392,TX,fips48153
TX,1636.0,65277.0,7181.0,694.0,74788.0,0.0311547307054607,0.9688452692945392,TX,fips48157
TX,1636.0,65277.0,7181.0,694.0,74788.0,0.0311547307054607,0.9688452692945392,TX,fips48163
TX,1636.0,65277.0,7181.0,694.0,74788.0,0.0311547307054607,0.9688452692945392,TX,fips48165
TX,1636.0,65277.0,7181.0,694.0,74788.0,0.0311547307054607,0.9688452692945392,TX,fips48173
TX,1636.0,65277.0,7181.0,694.0,74788.0,0.0311547307054607,0.9688452692945392,TX,fips48179
TX,1636.0,65277.0,7181.0,694.0,74788.0,0.0311547307054607,0.9688452692945392,TX,fips48189
TX,1636.0,65277.0,7181.0,694.0,74788.0,0.0311547307054607,0.9688452692945392,TX,fips48191
TX,1636.0,65277.0,7181.0,694.0,74788.0,0.0311547307054607,0.9688452692945392,TX,fips48195
TX,1636.0,65277.0,7181.0,694.0,74788.0,0.0311547307054607,0.9688452692945392,TX,fips48197
TX,1636.0,65277.0,7181.0,694.0,74788.0,0.0311547307054607,0.9688452692945392,TX,fips48205
TX,1636.0,65277.0,7181.0,694.0,74788.0,0.0311547307054607,0.9688452692945392,TX,fips48207
TX,1636.0,65277.0,7181.0,694.0,74788.0,0.0311547307054607,0.9688452692945392,TX,fips48215
TX,1636.0,65277.0,7181.0,694.0,74788.0,0.0311547307054607,0.9688452692945392,TX,fips48219
TX,1636.0,65277.0,7181.0,694.0,74788.0,0.0311547307054607,0.9688452692945392,TX,fips48229
TX,1636.0,65277.0,7181.0,694.0,74788.0,0.0311547307054607,0.9688452692945392,TX,fips48233
TX,1636.0,65277.0,7181.0,694.0,74788.0,0.0311547307054607,0.9688452692945392,TX,fips48239
TX,1636.0,65277.0,7181.0,694.0,74788.0,0.0311547307054607,0.9688452692945392,TX,fips48245
TX,1636.0,65277.0,7181.0,694.0,74788.0,0.0311547307054607,0.9688452692945392,TX,fips48275
TX,1636.0,65277.0,7181.0,694.0,74788.0,0.0311547307054607,0.9688452692945392,TX,fips48279
TX,1636.0,65277.0,7181.0,694.0,74788.0,0.0311547307054607,0.9688452692945392,TX,fips48291
TX,1636.0,65277.0,7181.0,694.0,74788.0,0.0311547307054607,0.9688452692945392,TX,fips48295
TX,1636.0,65277.0,7181.0,694.0,74788.0,0.0311547307054607,0.9688452692945392,TX,fips48303
TX,1636.0,65277.0,7181.0,694.0,74788.0,0.0311547307054607,0.9688452692945392,TX,fips48305
TX,1636.0,65277.0,7181.0,694.0,74788.0,0.0311547307054607,0.9688452692945392,TX,fips48317
TX,1636.0,65277.0,7181.0,694.0,74788.0,0.0311547307054607,0.9688452692945392,TX,fips48321
TX,1636.0,65277.0,7181.0,694.0,74788.0,0.0311547307054607,0.9688452692945392,TX,fips48323
TX,1636.0,65277.0,7181.0,694.0,74788.0,0.0311547307054607,0.9688452692945392,TX,fips48325
TX,1636.0,65277.0,7181.0,694.0,74788.0,0.0311547307054607,0.9688452692945392,TX,fips48335
TX,1636.0,65277.0,7181.0,694.0,74788.0,0.0311547307054607,0.9688452692945392,TX,fips48341
TX,1636.0,65277.0,7181.0,694.0,74788.0,0.0311547307054607,0.9688452692945392,TX,fips48353
TX,1636.0,65277.0,7181.0,694.0,74788.0,0.0311547307054607,0.9688452692945392,TX,fips48357
TX,1636.0,65277.0,7181.0,694.0,74788.0,0.0311547307054607,0.9688452692945392,TX,fips48369
TX,1636.0,65277.0,7181.0,694.0,74788.0,0.0311547307054607,0.9688452692945392,TX,fips48371
TX,1636.0,65277.0,7181.0,694.0,74788.0,0.0311547307054607,0.9688452692945392,TX,fips48383
TX,1636.0,65277.0,7181.0,694.0,74788.0,0.0311547307054607,0.9688452692945392,TX,fips48389
TX,1636.0,65277.0,7181.0,694.0,74788.0,0.0311547307054607,0.9688452692945392,TX,fips48395
TX,1636.0,65277.0,7181.0,694.0,74788.0,0.0311547307054607,0.9688452692945392,TX,fips48421
TX,1636.0,65277.0,7181.0,694.0,74788.0,0.0311547307054607,0.9688452692945392,TX,fips48437
TX,1636.0,65277.0,7181.0,694.0,74788.0,0.0311547307054607,0.9688452692945392,TX,fips48445
TX,1636.0,65277.0,7181.0,694.0,74788.0,0.0311547307054607,0.9688452692945392,TX,fips48451
TX,1636.0,65277.0,7181.0,694.0,74788.0,0.0311547307054607,0.9688452692945392,TX,fips48463
TX,1636.0,65277.0,7181.0,694.0,74788.0,0.0311547307054607,0.9688452692945392,TX,fips48481
TX,1636.0,65277.0,7181.0,694.0,74788.0,0.0311547307054607,0.9688452692945392,TX,fips48483
TX,1636.0,65277.0,7181.0,694.0,74788.0,0.0311547307054607,0.9688452692945392,TX,fips48487
TX,1636.0,65277.0,7181.0,694.0,74788.0,0.0311547307054607,0.9688452692945392,TX,fips48489
TX,1636.0,65277.0,7181.0,694.0,74788.0,0.0311547307054607,0.9688452692945392,TX,fips48493
TX,1636.0,65277.0,7181.0,694.0,74788.0,0.0311547307054607,0.9688452692945392,TX,fips48501
TX,1636.0,65277.0,7181.0,694.0,74788.0,0.0311547307054607,0.9688452692945392,TX,fips48507
UT,476.0,6024.0,31.0,108.0,6639.0,0.0879650549781593,0.9120349450218408,UT,fips49001
UT,476.0,6024.0,31.0,108.0,6639.0,0.0879650549781593,0.9120349450218408,UT,fips49003
UT,476.0,6024.0,31.0,108.0,6639.0,0.0879650549781593,0.9120349450218408,UT,fips49005
UT,476.0,6024.0,31.0,108.0,6639.0,0.0879650549781593,0.9120349450218408,UT,fips49007
UT,476.0,6024.0,31.0,108.0,6639.0,0.0879650549781593,0.9120349450218408,UT,fips49009
UT,476.0,6024.0,31.0,108.0,6639.0,0.0879650549781593,0.9120349450218408,UT,fips49011
UT,476.0,6024.0,31.0,108.0,6639.0,0.0879650549781593,0.9120349450218408,UT,fips49013
UT,476.0,6024.0,31.0,108.0,6639.0,0.0879650549781593,0.9120349450218408,UT,fips49015
UT,476.0,6024.0,31.0,108.0,6639.0,0.0879650549781593,0.9120349450218408,UT,fips49017
UT,476.0,6024.0,31.0,108.0,6639.0,0.0879650549781593,0.9120349450218408,UT,fips49019
UT,476.0,6024.0,31.0,108.0,6639.0,0.0879650549781593,0.9120349450218408,UT,fips49021
UT,476.0,6024.0,31.0,108.0,6639.0,0.0879650549781593,0.9120349450218408,UT,fips49023
UT,476.0,6024.0,31.0,108.0,6639.0,0.0879650549781593,0.9120349450218408,UT,fips49025
UT,476.0,6024.0,31.0,108.0,6639.0,0.0879650549781593,0.9120349450218408,UT,fips49027
UT,476.0,6024.0,31.0,108.0,6639.0,0.0879650549781593,0.9120349450218408,UT,fips49029
UT,476.0,6024.0,31.0,108.0,6639.0,0.0879650549781593,0.9120349450218408,UT,fips49031
UT,476.0,6024.0,31.0,108.0,6639.0,0.0879650549781593,0.9120349450218408,UT,fips49033
UT,476.0,6024.0,31.0,108.0,6639.0,0.0879650549781593,0.9120349450218408,UT,fips49035
UT,476.0,6024.0,31.0,108.0,6639.0,0.0879650549781593,0.9120349450218408,UT,fips49037
UT,476.0,6024.0,31.0,108.0,6639.0,0.0879650549781593,0.9120349450218408,UT,fips49039
UT,476.0,6024.0,31.0,108.0,6639.0,0.0879650549781593,0.9120349450218408,UT,fips49041
UT,476.0,6024.0,31.0,108.0,6639.0,0.0879650549781593,0.9120349450218408,UT,fips49043
UT,476.0,6024.0,31.0,108.0,6639.0,0.0879650549781593,0.9120349450218408,UT,fips49045
UT,476.0,6024.0,31.0,108.0,6639.0,0.0879650549781593,0.9120349450218408,UT,fips49047
UT,476.0,6024.0,31.0,108.0,6639.0,0.0879650549781593,0.9120349450218408,UT,fips49049
UT,476.0,6024.0,31.0,108.0,6639.0,0.0879650549781593,0.9120349450218408,UT,fips49051
UT,476.0,6024.0,31.0,108.0,6639.0,0.0879650549781593,0.9120349450218408,UT,fips49053
UT,476.0,6024.0,31.0,108.0,6639.0,0.0879650549781593,0.9120349450218408,UT,fips49055
UT,476.0,6024.0,31.0,108.0,6639.0,0.0879650549781593,0.9120349450218408,UT,fips49057
VA,436.0,1267.0,0.0,23.0,1726.0,0.2659327925840092,0.7340672074159907,VA,fips51001
WA,367.0,20352.0,3.0,0.0,20722.0,0.0177106456905704,0.9822893543094297,WA,fips53001
WA,367.0,20352.0,3.0,0.0,20722.0,0.0177106456905704,0.9822893543094297,WA,fips53005
WA,367.0,20352.0,3.0,0.0,20722.0,0.0177106456905704,0.9822893543094297,WA,fips53007
WA,367.0,20352.0,3.0,0.0,20722.0,0.0177106456905704,0.9822893543094297,WA,fips53017
WA,367.0,20352.0,3.0,0.0,20722.0,0.0177106456905704,0.9822893543094297,WA,fips53021
WA,367.0,20352.0,3.0,0.0,20722.0,0.0177106456905704,0.9822893543094297,WA,fips53025
WA,367.0,20352.0,3.0,0.0,20722.0,0.0177106456905704,0.9822893543094297,WA,fips53037
WA,367.0,20352.0,3.0,0.0,20722.0,0.0177106456905704,0.9822893543094297,WA,fips53039
WA,367.0,20352.0,3.0,0.0,20722.0,0.0177106456905704,0.9822893543094297,WA,fips53043
WA,367.0,20352.0,3.0,0.0,20722.0,0.0177106456905704,0.9822893543094297,WA,fips53047
WA,367.0,20352.0,3.0,0.0,20722.0,0.0177106456905704,0.9822893543094297,WA,fips53057
WA,367.0,20352.0,3.0,0.0,20722.0,0.0177106456905704,0.9822893543094297,WA,fips53071
WA,367.0,20352.0,3.0,0.0,20722.0,0.0177106456905704,0.9822893543094297,WA,fips53073
WA,367.0,20352.0,3.0,0.0,20722.0,0.0177106456905704,0.9822893543094297,WA,fips53077
WI,1034.0,5393.0,53.0,47.0,6527.0,0.1656197334150451,0.8343802665849548,WI,fips55001
WI,1034.0,5393.0,53.0,47.0,6527.0,0.1656197334150451,0.8343802665849548,WI,fips55033
WI,1034.0,5393.0,53.0,47.0,6527.0,0.1656197334150451,0.8343802665849548,WI,fips55053
WI,1034.0,5393.0,53.0,47.0,6527.0,0.1656197334150451,0.8343802665849548,WI,fips55057
WI,1034.0,5393.0,53.0,47.0,6527.0,0.1656197334150451,0.8343802665849548,WI,fips55067
WI,1034.0,5393.0,53.0,47.0,6527.0,0.1656197334150451,0.8343802665849548,WI,fips55081
WI,1034.0,5393.0,53.0,47.0,6527.0,0.1656197334150451,0.8343802665849548,WI,fips55085
WI,1034.0,5393.0,53.0,47.0,6527.0,0.1656197334150451,0.8343802665849548,WI,fips55097
WI,1034.0,5393.0,53.0,47.0,6527.0,0.1656197334150451,0.8343802665849548,WI,fips55137
WI,1034.0,5393.0,53.0,47.0,6527.0,0.1656197334150451,0.8343802665849548,WI,fips55141
WY,358.0,4623.0,112.0,175.0,5268.0,0.1011769172361427,0.8988230827638573,WY,fips56001
WY,358.0,4623.0,112.0,175.0,5268.0,0.1011769172361427,0.8988230827638573,WY,fips56003
WY,358.0,4623.0,112.0,175.0,5268.0,0.1011769172361427,0.8988230827638573,WY,fips56007
WY,358.0,4623.0,112.0,175.0,5268.0,0.1011769172361427,0.8988230827638573,WY,fips56009
WY,358.0,4623.0,112.0,175.0,5268.0,0.1011769172361427,0.8988230827638573,WY,fips56011
WY,358.0,4623.0,112.0,175.0,5268.0,0.1011769172361427,0.8988230827638573,WY,fips56013
WY,358.0,4623.0,112.0,175.0,5268.0,0.1011769172361427,0.8988230827638573,WY,fips56015
WY,358.0,4623.0,112.0,175.0,5268.0,0.1011769172361427,0.8988230827638573,WY,fips56017
WY,358.0,4623.0,112.0,175.0,5268.0,0.1011769172361427,0.8988230827638573,WY,fips56019
WY,358.0,4623.0,112.0,175.0,5268.0,0.1011769172361427,0.8988230827638573,WY,fips56021
WY,358.0,4623.0,112.0,175.0,5268.0,0.1011769172361427,0.8988230827638573,WY,fips56023
WY,358.0,4623.0,112.0,175.0,5268.0,0.1011769172361427,0.8988230827638573,WY,fips56025
WY,358.0,4623.0,112.0,175.0,5268.0,0.1011769172361427,0.8988230827638573,WY,fips56027
WY,358.0,4623.0,112.0,175.0,5268.0,0.1011769172361427,0.8988230827638573,WY,fips56029
WY,358.0,4623.0,112.0,175.0,5268.0,0.1011769172361427,0.8988230827638573,WY,fips56031
WY,358.0,4623.0,112.0,175.0,5268.0,0.1011769172361427,0.8988230827638573,WY,fips56033
WY,358.0,4623.0,112.0,175.0,5268.0,0.1011769172361427,0.8988230827638573,WY,fips56035
WY,358.0,4623.0,112.0,175.0,5268.0,0.1011769172361427,0.8988230827638573,WY,fips56037
WY,358.0,4623.0,112.0,175.0,5268.0,0.1011769172361427,0.8988230827638573,WY,fips56039
WY,358.0,4623.0,112.0,175.0,5268.0,0.1011769172361427,0.8988230827638573,WY,fips56041
WY,358.0,4623.0,112.0,175.0,5268.0,0.1011769172361427,0.8988230827638573,WY,fips56043
WY,358.0,4623.0,112.0,175.0,5268.0,0.1011769172361427,0.8988230827638573,WY,fips56045
