{
  "availability_export": {
    "default_value": 0,
    "unit": "kW"
  },
  "availability_export_yearly": {
    "default_value": 0,
    "unit": "kWh"
  },
  "availability_import": {
    "default_value": "inf",
    "unit": "kW"
  },
  "availability_import_yearly": {
    "default_value": "inf",
    "unit": "kWh"
  },
  "carbon_intensity_carrier_import": {
    "default_value": 374.63,
    "unit": "kg/MWh"
  },
  "carbon_intensity_carrier_export": {
    "default_value": 374.63,
    "unit": "kg/MWh"
  },
  "demand": {
    "default_value": 0.0,
    "unit": "kW"
  },
  "price_export": {
    "default_value": 0.0,
    "unit": "Dollar/kWh"
  },
  "price_import": {
    "default_value": 0.12978  ,
    "unit": "Dollar/kWh"
  },
  "price_shed_demand": {
    "default_value": "inf",
    "unit": "Dollar/kWh"
  }
}