{
  "capacity_addition_max": {
    "default_value": "inf",
    "unit": "watervolumen/hour"
  },
  "capacity_addition_max_energy": {
    "default_value": "inf",
    "unit": "watervolumen"
  },
  "capacity_addition_min": {
    "default_value": 0,
    "unit": "watervolumen/hour"
  },
  "capacity_addition_min_energy": {
    "default_value": 0,
    "unit": "watervolumen"
  },
  "capacity_addition_unbounded": {
    "default_value": 0,
    "unit": "watervolumen/hour"
  },
  "capacity_existing": {
    "default_value": 0,
    "unit": "watervolumen/hour"
  },
  "capacity_existing_energy": {
    "default_value": 0,
    "unit": "watervolumen"
  },
  "capacity_investment_existing": {
    "default_value": 0,
    "unit": "watervolumen/hour"
  },
  "capacity_investment_existing_energy": {
    "default_value": 0,
    "unit": "watervolumen"
  },
  "capacity_limit": {
    "default_value": "inf",
    "unit": "watervolumen/hour"
  },
  "capacity_limit_energy": {
    "default_value": "inf",
    "unit": "watervolumen"
  },
  "capex_specific_storage": {
    "default_value": 0,
    "unit": "Dollar/(watervolumen/hour)"
  },
  "capex_specific_storage_energy": {
    "default_value": 661.93382198,
    "unit": "Dollar/watervolumen"
  },
  "carbon_intensity_technology": {
    "default_value": 0,
    "unit": "tons/watervolumen"
  },
  "construction_time": {
    "default_value": 0,
    "unit": "1"
  },
  "efficiency_charge": {
    "default_value": 0.99,
    "unit": "1"
  },
  "efficiency_discharge": {
    "default_value": 0.99,
    "unit": "1"
  },
  "initial_storage_level": {
    "default_value": "inf",
    "unit": "1"
  },
  "lifetime": {
    "default_value": 25,
    "unit": "1"
  },
  "max_diffusion_rate": {
    "default_value": "inf",
    "unit": "1"
  },
  "max_load": {
    "default_value": 1,
    "unit": "1"
  },
  "max_load_energy": {
    "default_value": 1,
    "unit": "1"
  },
  "min_load": {
    "default_value": 0,
    "unit": "1"
  },
  "min_load_energy": {
    "default_value": 0,
    "unit": "1"
  },
  "opex_specific_variable": {
    "default_value": 0.1,
    "unit": "Dollar/kilowatervolumen"
  },
  "opex_specific_fixed": {
    "default_value": 0,
    "unit": "Dollar/(watervolumen/hour)"
  },
  "opex_specific_fixed_energy": {
    "default_value": 0,
    "unit": "Dollar/watervolumen"
  },
  "reference_carrier": {
    "default_value": [
      "water"
    ]
  },
  "self_discharge": {
    "default_value": 0.001,
    "unit": "1"
  },
  "energy_to_power_ratio": {
    "default_value": 1,
    "unit": "h"
    }
}